strategy,race_count,tickets,avg_tickets_per_race,bet,return,profit,roi,roi_without_max_hit,hit_count,hit_rate_per_ticket,hit_rate_per_race,avg_odds,median_odds,avg_score,max_hit_payout,max_hit_share,day
middle_plus_high_top5,7,11,1.5714285714285714,1100,0,-1100,0.0,0.0,0,0.0,0.0,117.51818181818182,30.7,0.7054885385645551,0,0.0,2026-01-01
middle_plus_high_top5,8,8,1.0,800,0,-800,0.0,0.0,0,0.0,0.0,30.3125,30.2,0.9087534888362927,0,0.0,2026-01-02
middle_plus_high_top5,6,6,1.0,600,3030,2430,5.05,0.0,1,0.16666666666666666,0.16666666666666666,30.333333333333332,30.35,0.9099077402036451,3030,1.0,2026-01-03
middle_plus_high_top5,16,49,3.0625,4900,3000,-1900,0.6122448979591837,0.0,1,0.02040816326530612,0.0625,123.5204081632653,116.3,0.5562750261780072,3000,1.0,2026-01-04
middle_plus_high_top5,7,15,2.142857142857143,1500,21750,20250,14.5,2.02,2,0.13333333333333333,0.2857142857142857,136.84,148.7,0.6149748040493309,18720,0.8606896551724138,2026-01-05
middle_plus_high_top5,12,53,4.416666666666667,5300,0,-5300,0.0,0.0,0,0.0,0.0,165.711320754717,158.5,0.46894115615437504,0,0.0,2026-01-06
middle_plus_high_top5,15,55,3.6666666666666665,5500,3050,-2450,0.5545454545454546,0.0,1,0.01818181818181818,0.06666666666666667,162.83636363636367,164.2,0.4812278805108269,3050,1.0,2026-01-07
middle_plus_high_top5,6,10,1.6666666666666667,1000,0,-1000,0.0,0.0,0,0.0,0.0,130.43,95.0,0.6952219347880186,0,0.0,2026-01-08
middle_plus_high_top5,13,52,4.0,5200,0,-5200,0.0,0.0,0,0.0,0.0,138.95384615384617,138.25,0.5353446416312035,0,0.0,2026-01-09
middle_plus_high_top5,10,36,3.6,3600,0,-3600,0.0,0.0,0,0.0,0.0,131.41111111111113,132.0,0.5380988691107954,0,0.0,2026-01-10
middle_plus_high_top5,13,38,2.923076923076923,3800,0,-3800,0.0,0.0,0,0.0,0.0,140.82894736842104,159.14999999999998,0.5520235323386078,0,0.0,2026-01-11
middle_plus_high_top5,8,29,3.625,2900,0,-2900,0.0,0.0,0,0.0,0.0,165.51379310344825,188.7,0.5077422230522038,0,0.0,2026-01-12
middle_plus_high_top5,7,7,1.0,700,0,-700,0.0,0.0,0,0.0,0.0,30.285714285714285,30.3,0.9131789694471018,0,0.0,2026-01-13
middle_plus_high_top5,8,9,1.125,900,0,-900,0.0,0.0,0,0.0,0.0,30.299999999999997,30.3,0.905821898930538,0,0.0,2026-01-14
middle_plus_high_top5,13,45,3.4615384615384617,4500,10660,6160,2.368888888888889,0.0,1,0.022222222222222223,0.07692307692307693,150.95111111111112,155.0,0.5036841929635981,10660,1.0,2026-01-15
middle_plus_high_top5,11,41,3.727272727272727,4100,0,-4100,0.0,0.0,0,0.0,0.0,146.6341463414634,156.9,0.5070634555472829,0,0.0,2026-01-16
middle_plus_high_top5,13,52,4.0,5200,0,-5200,0.0,0.0,0,0.0,0.0,159.42884615384614,175.25,0.5164244175786838,0,0.0,2026-01-17
middle_plus_high_top5,10,42,4.2,4200,17610,13410,4.192857142857143,0.0,1,0.023809523809523808,0.1,178.77857142857144,182.25,0.47661019045697434,17610,1.0,2026-01-18
middle_plus_high_top5,5,6,1.2,600,0,-600,0.0,0.0,0,0.0,0.0,30.216666666666665,30.15,0.9092130915630721,0,0.0,2026-01-19
middle_plus_high_top5,9,10,1.1111111111111112,1000,0,-1000,0.0,0.0,0,0.0,0.0,30.359999999999996,30.299999999999997,0.905370142873676,0,0.0,2026-01-20
middle_plus_high_top5,2,6,3.0,600,0,-600,0.0,0.0,0,0.0,0.0,148.11666666666667,163.60000000000002,0.5403379171439219,0,0.0,2026-01-21
middle_plus_high_top5,12,48,4.0,4800,20580,15780,4.2875,0.0,1,0.020833333333333332,0.08333333333333333,151.3125,163.25,0.4847277033075397,20580,1.0,2026-01-22
middle_plus_high_top5,10,39,3.9,3900,0,-3900,0.0,0.0,0,0.0,0.0,152.19230769230776,159.8,0.5092748800069279,0,0.0,2026-01-23
middle_plus_high_top5,12,44,3.6666666666666665,4400,3000,-1400,0.6818181818181818,0.0,1,0.022727272727272728,0.08333333333333333,158.23636363636362,166.65,0.48973272835389303,3000,1.0,2026-01-24
middle_plus_high_top5,18,55,3.0555555555555554,5500,0,-5500,0.0,0.0,0,0.0,0.0,154.4945454545455,175.5,0.5268056406546698,0,0.0,2026-01-25
middle_plus_high_top5,4,4,1.0,400,0,-400,0.0,0.0,0,0.0,0.0,30.45,30.45,0.9025275137346025,0,0.0,2026-01-26
middle_plus_high_top5,6,6,1.0,600,0,-600,0.0,0.0,0,0.0,0.0,30.416666666666668,30.45,0.9067007332145448,0,0.0,2026-01-27
middle_plus_high_top5,4,4,1.0,400,0,-400,0.0,0.0,0,0.0,0.0,30.325000000000003,30.3,0.9120199867125867,0,0.0,2026-01-28
middle_plus_high_top5,11,34,3.090909090909091,3400,3030,-370,0.8911764705882353,0.0,1,0.029411764705882353,0.09090909090909091,129.53235294117644,142.10000000000002,0.5165143504084991,3030,1.0,2026-01-29
middle_plus_high_top5,5,13,2.6,1300,0,-1300,0.0,0.0,0,0.0,0.0,144.18461538461537,165.1,0.569357764594316,0,0.0,2026-01-30
middle_plus_high_top5,12,38,3.1666666666666665,3800,0,-3800,0.0,0.0,0,0.0,0.0,144.07894736842104,159.55,0.5366195834946762,0,0.0,2026-01-31
middle_plus_high_top5,8,24,3.0,2400,0,-2400,0.0,0.0,0,0.0,0.0,137.06250000000003,136.1,0.5257808036137109,0,0.0,2026-02-01
middle_plus_high_top5,8,12,1.5,1200,0,-1200,0.0,0.0,0,0.0,0.0,70.4,30.65,0.7303637011093564,0,0.0,2026-02-02
middle_plus_high_top5,10,10,1.0,1000,6130,5130,6.13,3.06,2,0.2,0.2,30.410000000000004,30.4,0.9137168693880394,3070,0.5008156606851549,2026-02-03
middle_plus_high_top5,3,3,1.0,300,0,-300,0.0,0.0,0,0.0,0.0,30.366666666666664,30.5,0.911636969718343,0,0.0,2026-02-04
middle_plus_high_top5,15,56,3.7333333333333334,5600,16030,10430,2.8625,0.0,1,0.017857142857142856,0.06666666666666667,145.48928571428573,146.1,0.47393242513731954,16030,1.0,2026-02-05
middle_plus_high_top5,11,53,4.818181818181818,5300,0,-5300,0.0,0.0,0,0.0,0.0,146.43396226415095,146.9,0.4791261838576434,0,0.0,2026-02-06
middle_plus_high_top5,14,42,3.0,4200,3000,-1200,0.7142857142857143,0.0,1,0.023809523809523808,0.07142857142857142,133.00000000000003,137.2,0.5349087513824087,3000,1.0,2026-02-07
middle_plus_high_top5,12,45,3.75,4500,0,-4500,0.0,0.0,0,0.0,0.0,147.13777777777779,151.3,0.4981021671290432,0,0.0,2026-02-08
middle_plus_high_top5,5,5,1.0,500,0,-500,0.0,0.0,0,0.0,0.0,30.339999999999996,30.3,0.9041233274376724,0,0.0,2026-02-09
middle_plus_high_top5,9,10,1.1111111111111112,1000,0,-1000,0.0,0.0,0,0.0,0.0,30.230000000000008,30.1,0.9104267379511025,0,0.0,2026-02-10
middle_plus_high_top5,5,5,1.0,500,3030,2530,6.06,0.0,1,0.2,0.2,30.439999999999998,30.5,0.910748298857173,3030,1.0,2026-02-11
middle_plus_high_top5,17,56,3.2941176470588234,5600,3050,-2550,0.5446428571428571,0.0,1,0.017857142857142856,0.058823529411764705,129.6535714285714,138.2,0.5117212255490828,3050,1.0,2026-02-12
middle_plus_high_top5,13,45,3.4615384615384617,4500,0,-4500,0.0,0.0,0,0.0,0.0,131.7088888888889,136.0,0.519676624046979,0,0.0,2026-02-13
middle_plus_high_top5,14,40,2.857142857142857,4000,0,-4000,0.0,0.0,0,0.0,0.0,130.635,145.45,0.5362343701450966,0,0.0,2026-02-14
middle_plus_high_top5,11,35,3.1818181818181817,3500,17340,13840,4.954285714285715,0.0,1,0.02857142857142857,0.09090909090909091,130.4114285714286,133.6,0.526957023875337,17340,1.0,2026-02-15
middle_plus_high_top5,11,15,1.3636363636363635,1500,6050,4550,4.033333333333333,2.013333333333333,2,0.13333333333333333,0.18181818181818182,103.13333333333331,30.6,0.7394622760882474,3030,0.5008264462809917,2026-02-16
middle_plus_high_top5,6,10,1.6666666666666667,1000,0,-1000,0.0,0.0,0,0.0,0.0,100.19000000000001,89.55,0.6856279971055306,0,0.0,2026-02-17
middle_plus_high_top5,5,5,1.0,500,0,-500,0.0,0.0,0,0.0,0.0,30.46,30.5,0.9084158701728651,0,0.0,2026-02-18
middle_plus_high_top5,3,3,1.0,300,0,-300,0.0,0.0,0,0.0,0.0,30.366666666666664,30.3,0.9098636075786176,0,0.0,2026-02-19
middle_plus_high_top5,15,62,4.133333333333334,6200,0,-6200,0.0,0.0,0,0.0,0.0,153.03387096774193,148.95,0.4729575886480886,0,0.0,2026-02-20
middle_plus_high_top5,15,65,4.333333333333333,6500,0,-6500,0.0,0.0,0,0.0,0.0,164.56153846153848,167.8,0.4608783287057449,0,0.0,2026-02-21
middle_plus_high_top5,16,64,4.0,6400,0,-6400,0.0,0.0,0,0.0,0.0,169.5265625,171.05,0.4871901131226735,0,0.0,2026-02-22
middle_plus_high_top5,17,61,3.588235294117647,6100,0,-6100,0.0,0.0,0,0.0,0.0,163.1590163934426,170.4,0.4843218903250876,0,0.0,2026-02-23
middle_plus_high_top5,1,1,1.0,100,0,-100,0.0,0.0,0,0.0,0.0,30.3,30.3,0.9003376060652535,0,0.0,2026-02-24
middle_plus_high_top5,8,8,1.0,800,3030,2230,3.7875,0.0,1,0.125,0.125,30.325,30.35,0.9100226338299474,3030,1.0,2026-02-25
middle_plus_high_top5,3,7,2.3333333333333335,700,0,-700,0.0,0.0,0,0.0,0.0,129.57142857142858,149.2,0.5710839889272805,0,0.0,2026-02-26
middle_plus_high_top5,8,8,1.0,800,0,-800,0.0,0.0,0,0.0,0.0,30.3,30.25,0.9068541381661763,0,0.0,2026-02-27
middle_plus_high_top5,15,58,3.8666666666666667,5800,0,-5800,0.0,0.0,0,0.0,0.0,146.4206896551724,164.15,0.5227643144637943,0,0.0,2026-02-28
middle_plus_high_top5,10,43,4.3,4300,16920,12620,3.9348837209302325,0.0,1,0.023255813953488372,0.1,148.00000000000003,155.3,0.4876751129917772,16920,1.0,2026-03-01
middle_plus_high_top5,12,44,3.6666666666666665,4400,3030,-1370,0.6886363636363636,0.0,1,0.022727272727272728,0.08333333333333333,162.79318181818186,183.15,0.5023414701660761,3030,1.0,2026-03-02
middle_plus_high_top5,10,42,4.2,4200,0,-4200,0.0,0.0,0,0.0,0.0,163.45238095238093,165.45,0.4609985473682233,0,0.0,2026-03-03
middle_plus_high_top5,4,4,1.0,400,0,-400,0.0,0.0,0,0.0,0.0,30.325,30.35,0.9106805003325151,0,0.0,2026-03-04
middle_plus_high_top5,20,61,3.05,6100,3050,-3050,0.5,0.0,1,0.01639344262295082,0.05,124.60491803278687,139.8,0.555910387408155,3050,1.0,2026-03-05
middle_plus_high_top5,13,36,2.769230769230769,3600,0,-3600,0.0,0.0,0,0.0,0.0,133.84166666666667,145.75,0.5309012535823396,0,0.0,2026-03-06
middle_plus_high_top5,13,60,4.615384615384615,6000,0,-6000,0.0,0.0,0,0.0,0.0,157.2,163.55,0.48948017744477845,0,0.0,2026-03-07
middle_plus_high_top5,11,52,4.7272727272727275,5200,3040,-2160,0.5846153846153846,0.0,1,0.019230769230769232,0.09090909090909091,170.9269230769231,170.1,0.4860311124185074,3040,1.0,2026-03-08
middle_plus_high_top5,6,10,1.6666666666666667,1000,0,-1000,0.0,0.0,0,0.0,0.0,122.69000000000001,107.1,0.6669016063417308,0,0.0,2026-03-09
middle_plus_high_top5,6,12,2.0,1200,0,-1200,0.0,0.0,0,0.0,0.0,114.00833333333334,30.55,0.7250007554806382,0,0.0,2026-03-10
middle_plus_high_top5,3,7,2.3333333333333335,700,0,-700,0.0,0.0,0,0.0,0.0,145.42857142857142,178.0,0.5634195200598668,0,0.0,2026-03-11
middle_plus_high_top5,25,95,3.8,9500,0,-9500,0.0,0.0,0,0.0,0.0,158.50000000000003,163.6,0.49960443332036014,0,0.0,2026-03-12
middle_plus_high_top5,23,99,4.304347826086956,9900,51680,41780,5.22020202020202,3.311111111111111,4,0.04040404040404041,0.17391304347826086,147.13737373737374,147.3,0.4817277406023658,18900,0.3657120743034056,2026-03-13
middle_plus_high_top5,25,100,4.0,10000,48930,38930,4.893,3.064,3,0.03,0.12,153.90600000000003,158.4,0.49134027321992635,18290,0.3737993051297772,2026-03-14
middle_plus_high_top5,23,99,4.304347826086956,9900,30310,20410,3.0616161616161617,1.1585858585858586,2,0.020202020202020204,0.08695652173913043,153.11212121212122,153.7,0.47925882314602347,18840,0.6215770372814253,2026-03-15
middle_plus_high_top5,4,10,2.5,1000,0,-1000,0.0,0.0,0,0.0,0.0,100.34000000000002,92.0,0.6851168343516247,0,0.0,2026-03-16
middle_plus_high_top5,6,10,1.6666666666666667,1000,0,-1000,0.0,0.0,0,0.0,0.0,104.13000000000002,97.3,0.6692757669478361,0,0.0,2026-03-17
middle_plus_high_top5,6,6,1.0,600,0,-600,0.0,0.0,0,0.0,0.0,30.249999999999996,30.2,0.9058002988828223,0,0.0,2026-03-18
middle_plus_high_top5,12,52,4.333333333333333,5200,19750,14550,3.798076923076923,0.0,1,0.019230769230769232,0.08333333333333333,155.3846153846154,159.35,0.4661427950355182,19750,1.0,2026-03-19
middle_plus_high_top5,14,57,4.071428571428571,5700,0,-5700,0.0,0.0,0,0.0,0.0,151.42105263157896,150.8,0.4700166130787204,0,0.0,2026-03-20
middle_plus_high_top5,15,58,3.8666666666666667,5800,0,-5800,0.0,0.0,0,0.0,0.0,153.52413793103452,162.35000000000002,0.4792279453173972,0,0.0,2026-03-21
middle_plus_high_top5,14,57,4.071428571428571,5700,28370,22670,4.97719298245614,1.8982456140350876,2,0.03508771929824561,0.14285714285714285,154.5561403508772,163.2,0.4670274787825602,17550,0.6186112090236165,2026-03-22
middle_plus_high_top5,3,7,2.3333333333333335,700,0,-700,0.0,0.0,0,0.0,0.0,100.52857142857144,115.3,0.5906448508973108,0,0.0,2026-03-23
middle_plus_high_top5,4,5,1.25,500,0,-500,0.0,0.0,0,0.0,0.0,30.559999999999995,30.7,0.910183179041668,0,0.0,2026-03-24
middle_plus_high_top5,3,3,1.0,300,0,-300,0.0,0.0,0,0.0,0.0,30.433333333333334,30.5,0.9082313422099405,0,0.0,2026-03-25
middle_plus_high_top5,9,13,1.4444444444444444,1300,0,-1300,0.0,0.0,0,0.0,0.0,85.88461538461537,30.6,0.7335955345121038,0,0.0,2026-03-26
middle_plus_high_top5,4,4,1.0,400,0,-400,0.0,0.0,0,0.0,0.0,30.15,30.05,0.9132337537275343,0,0.0,2026-03-27
middle_plus_high_top5,10,37,3.7,3700,0,-3700,0.0,0.0,0,0.0,0.0,149.78648648648647,146.4,0.486830690432845,0,0.0,2026-03-28
middle_plus_high_top5,13,46,3.5384615384615383,4600,0,-4600,0.0,0.0,0,0.0,0.0,149.49565217391307,151.4,0.5028817147645064,0,0.0,2026-03-29
middle_plus_high_top5,12,50,4.166666666666667,5000,0,-5000,0.0,0.0,0,0.0,0.0,152.28199999999998,155.65,0.5013513927700722,0,0.0,2026-03-30
middle_plus_high_top5,10,39,3.9,3900,11240,7340,2.882051282051282,0.0,1,0.02564102564102564,0.1,156.14615384615385,166.9,0.5081876983811835,11240,1.0,2026-03-31
middle_plus_high_top5,4,4,1.0,400,0,-400,0.0,0.0,0,0.0,0.0,30.400000000000002,30.450000000000003,0.9086814658421842,0,0.0,2026-04-01
middle_plus_high_top5,18,60,3.3333333333333335,6000,11630,5630,1.9383333333333332,0.0,1,0.016666666666666666,0.05555555555555555,133.62666666666667,135.5,0.5324283412897339,11630,1.0,2026-04-02
middle_plus_high_top5,9,27,3.0,2700,0,-2700,0.0,0.0,0,0.0,0.0,116.80740740740741,119.3,0.534130901919679,0,0.0,2026-04-03
middle_plus_high_top5,8,34,4.25,3400,0,-3400,0.0,0.0,0,0.0,0.0,159.93823529411767,166.15,0.4714182284725305,0,0.0,2026-04-04
middle_plus_high_top5,9,35,3.888888888888889,3500,0,-3500,0.0,0.0,0,0.0,0.0,146.96571428571428,159.2,0.5316029494457727,0,0.0,2026-04-05
middle_plus_high_top5,7,8,1.1428571428571428,800,0,-800,0.0,0.0,0,0.0,0.0,30.325000000000003,30.35,0.9111109287486665,0,0.0,2026-04-06
middle_plus_high_top5,2,2,1.0,200,0,-200,0.0,0.0,0,0.0,0.0,30.35,30.35,0.9019703167025364,0,0.0,2026-04-07
middle_plus_high_top5,5,5,1.0,500,0,-500,0.0,0.0,0,0.0,0.0,30.26,30.1,0.9096138507030448,0,0.0,2026-04-08
middle_plus_high_top5,18,66,3.6666666666666665,6600,14120,7520,2.139393939393939,0.0,1,0.015151515151515152,0.05555555555555555,146.71060606060607,149.3,0.5062952593872054,14120,1.0,2026-04-09
middle_plus_high_top5,9,34,3.7777777777777777,3400,0,-3400,0.0,0.0,0,0.0,0.0,146.05882352941177,153.45,0.5374737346088753,0,0.0,2026-04-10
middle_plus_high_top5,10,42,4.2,4200,0,-4200,0.0,0.0,0,0.0,0.0,171.29285714285714,187.35,0.47366502507039404,0,0.0,2026-04-11
middle_plus_high_top5,12,44,3.6666666666666665,4400,0,-4400,0.0,0.0,0,0.0,0.0,159.225,168.15,0.5020931956352942,0,0.0,2026-04-12
middle_plus_high_top5,1,1,1.0,100,0,-100,0.0,0.0,0,0.0,0.0,30.3,30.3,0.9035326471750584,0,0.0,2026-04-13
middle_plus_high_top5,11,15,1.3636363636363635,1500,0,-1500,0.0,0.0,0,0.0,0.0,71.53333333333333,30.4,0.7555899956464613,0,0.0,2026-04-14
middle_plus_high_top5,8,8,1.0,800,3070,2270,3.8375,0.0,1,0.125,0.125,30.299999999999997,30.3,0.9082028382770544,3070,1.0,2026-04-15
middle_plus_high_top5,6,10,1.6666666666666667,1000,3010,2010,3.01,0.0,1,0.1,0.16666666666666666,92.72999999999999,79.25,0.6812770858680075,3010,1.0,2026-04-16
middle_plus_high_top5,8,9,1.125,900,0,-900,0.0,0.0,0,0.0,0.0,30.27777777777778,30.2,0.9086034035704582,0,0.0,2026-04-17
middle_plus_high_top5,10,42,4.2,4200,0,-4200,0.0,0.0,0,0.0,0.0,151.90952380952382,154.85000000000002,0.4560277561668016,0,0.0,2026-04-18
middle_plus_high_top5,15,47,3.1333333333333333,4700,0,-4700,0.0,0.0,0,0.0,0.0,138.4255319148936,143.8,0.5088289596533121,0,0.0,2026-04-19
middle_plus_high_top5,13,54,4.153846153846154,5400,18110,12710,3.3537037037037036,0.5611111111111111,2,0.037037037037037035,0.15384615384615385,147.58888888888887,150.15,0.4872827962601313,15080,0.8326891220320265,2026-04-20
middle_plus_high_top5,11,47,4.2727272727272725,4700,0,-4700,0.0,0.0,0,0.0,0.0,150.19574468085105,150.8,0.4810748902192218,0,0.0,2026-04-21
middle_plus_high_top5,4,5,1.25,500,3060,2560,6.12,0.0,1,0.2,0.25,30.340000000000003,30.4,0.9086247638224085,3060,1.0,2026-04-22
middle_plus_high_top5,11,40,3.6363636363636362,4000,0,-4000,0.0,0.0,0,0.0,0.0,157.855,174.5,0.49729205642143803,0,0.0,2026-04-23
middle_plus_high_top5,16,57,3.5625,5700,19920,14220,3.4947368421052634,0.0,1,0.017543859649122806,0.0625,151.3421052631579,160.9,0.498352397700771,19920,1.0,2026-04-24
middle_plus_high_top5,19,65,3.4210526315789473,6500,3060,-3440,0.4707692307692308,0.0,1,0.015384615384615385,0.05263157894736842,165.22153846153844,163.8,0.49421964621286363,3060,1.0,2026-04-25
middle_plus_high_top5,12,51,4.25,5100,17250,12150,3.3823529411764706,0.0,1,0.0196078431372549,0.08333333333333333,167.5529411764706,175.3,0.4712112369363855,17250,1.0,2026-04-26
middle_plus_high_top5,10,10,1.0,1000,0,-1000,0.0,0.0,0,0.0,0.0,30.370000000000005,30.35,0.9084044521078735,0,0.0,2026-04-27
middle_plus_high_top5,4,4,1.0,400,0,-400,0.0,0.0,0,0.0,0.0,30.6,30.65,0.9072648706816757,0,0.0,2026-04-28
middle_plus_high_top5,10,10,1.0,1000,0,-1000,0.0,0.0,0,0.0,0.0,30.419999999999998,30.45,0.905571535651281,0,0.0,2026-04-29
middle_plus_high_top5,7,7,1.0,700,0,-700,0.0,0.0,0,0.0,0.0,30.32857142857143,30.3,0.9076303154560037,0,0.0,2026-04-30
middle_plus_high_top5,15,58,3.8666666666666667,5800,0,-5800,0.0,0.0,0,0.0,0.0,135.3862068965517,138.89999999999998,0.5040716703231647,0,0.0,2026-05-01
middle_plus_high_top5,18,67,3.7222222222222223,6700,0,-6700,0.0,0.0,0,0.0,0.0,142.29253731343286,147.9,0.49877052186737464,0,0.0,2026-05-02
middle_plus_high_top5,14,55,3.9285714285714284,5500,3030,-2470,0.5509090909090909,0.0,1,0.01818181818181818,0.07142857142857142,144.89454545454547,146.1,0.49486741466134776,3030,1.0,2026-05-03
middle_plus_high_top5,18,66,3.6666666666666665,6600,14190,7590,2.15,0.0,1,0.015151515151515152,0.05555555555555555,142.74242424242425,143.5,0.48315865068928066,14190,1.0,2026-05-04
middle_plus_high_top5,14,52,3.7142857142857144,5200,0,-5200,0.0,0.0,0,0.0,0.0,146.95576923076922,148.75,0.4947658171138816,0,0.0,2026-05-05
middle_plus_high_top5,20,64,3.2,6400,28130,21730,4.3953125,2.0671875,2,0.03125,0.1,135.75937499999998,143.14999999999998,0.508614737361175,14900,0.5296836118023462,2026-05-06
middle_plus_high_top5,2,2,1.0,200,0,-200,0.0,0.0,0,0.0,0.0,30.35,30.35,0.9076789828615199,0,0.0,2026-05-07
middle_plus_high_top5,3,3,1.0,300,0,-300,0.0,0.0,0,0.0,0.0,30.366666666666664,30.2,0.9087651215609993,0,0.0,2026-05-08
middle_plus_high_top5,16,63,3.9375,6300,0,-6300,0.0,0.0,0,0.0,0.0,147.05079365079365,159.3,0.514159803618246,0,0.0,2026-05-09
middle_plus_high_top5,12,44,3.6666666666666665,4400,0,-4400,0.0,0.0,0,0.0,0.0,169.36136363636365,179.85000000000002,0.49157773455682713,0,0.0,2026-05-10
middle_plus_high_top5,15,52,3.466666666666667,5200,0,-5200,0.0,0.0,0,0.0,0.0,161.77884615384616,183.25,0.5207248032103553,0,0.0,2026-05-11
middle_plus_high_top5,13,41,3.1538461538461537,4100,0,-4100,0.0,0.0,0,0.0,0.0,168.71463414634147,186.8,0.5271437910934857,0,0.0,2026-05-12
middle_plus_high_top5,3,4,1.3333333333333333,400,0,-400,0.0,0.0,0,0.0,0.0,30.25,30.200000000000003,0.9141106213036171,0,0.0,2026-05-13
middle_plus_high_top5,12,46,3.8333333333333335,4600,0,-4600,0.0,0.0,0,0.0,0.0,148.6130434782609,158.05,0.49474077258095955,0,0.0,2026-05-14
middle_plus_high_top5,13,55,4.230769230769231,5500,0,-5500,0.0,0.0,0,0.0,0.0,156.8272727272727,161.7,0.49561622031580327,0,0.0,2026-05-15
middle_plus_high_top5,17,69,4.0588235294117645,6900,14990,8090,2.172463768115942,0.4420289855072464,2,0.028985507246376812,0.11764705882352941,164.45507246376812,174.2,0.47985877053549847,11940,0.7965310206804537,2026-05-16
middle_plus_high_top5,15,57,3.8,5700,0,-5700,0.0,0.0,0,0.0,0.0,176.04912280701757,180.5,0.4892751396582006,0,0.0,2026-05-17
middle_plus_high_top5,5,5,1.0,500,0,-500,0.0,0.0,0,0.0,0.0,30.439999999999998,30.5,0.912737277653271,0,0.0,2026-05-18
middle_plus_high_top5,3,3,1.0,300,0,-300,0.0,0.0,0,0.0,0.0,30.433333333333337,30.4,0.9054320998843739,0,0.0,2026-05-19
middle_plus_high_top5,5,5,1.0,500,0,-500,0.0,0.0,0,0.0,0.0,30.419999999999998,30.3,0.9101103797690108,0,0.0,2026-05-20
middle_plus_high_top5,4,4,1.0,400,0,-400,0.0,0.0,0,0.0,0.0,30.525,30.5,0.9069439999815153,0,0.0,2026-05-21
middle_plus_high_top5,10,22,2.2,2200,3000,800,1.3636363636363635,0.0,1,0.045454545454545456,0.1,115.60454545454544,117.6,0.58040917600885,3000,1.0,2026-05-22
middle_plus_high_top5,19,66,3.473684210526316,6600,13000,6400,1.9696969696969697,0.0,1,0.015151515151515152,0.05263157894736842,148.01060606060608,149.39999999999998,0.47923053034355195,13000,1.0,2026-05-23
middle_plus_high_top5,21,83,3.9523809523809526,8300,3000,-5300,0.3614457831325301,0.0,1,0.012048192771084338,0.047619047619047616,148.75903614457832,150.9,0.4792453690136748,3000,1.0,2026-05-24
middle_plus_high_top5,3,3,1.0,300,0,-300,0.0,0.0,0,0.0,0.0,30.166666666666668,30.1,0.9174013171609411,0,0.0,2026-05-25
middle_plus_high_top5,5,5,1.0,500,3020,2520,6.04,0.0,1,0.2,0.2,30.32,30.3,0.9072309696458032,3020,1.0,2026-05-26
middle_plus_high_top5,6,15,2.5,1500,0,-1500,0.0,0.0,0,0.0,0.0,102.95333333333333,126.9,0.6052492006027196,0,0.0,2026-05-27
middle_plus_high_top5,6,7,1.1666666666666667,700,0,-700,0.0,0.0,0,0.0,0.0,30.400000000000002,30.5,0.9162759048125843,0,0.0,2026-05-28
middle_plus_high_top5,6,7,1.1666666666666667,700,0,-700,0.0,0.0,0,0.0,0.0,61.31428571428571,30.7,0.7837470033982952,0,0.0,2026-05-29
middle_plus_high_top5,10,44,4.4,4400,0,-4400,0.0,0.0,0,0.0,0.0,150.24772727272727,148.65,0.46693587927853475,0,0.0,2026-05-30
middle_plus_high_top5,6,24,4.0,2400,0,-2400,0.0,0.0,0,0.0,0.0,139.09166666666667,140.8,0.5358455554189624,0,0.0,2026-05-31
middle_plus_high_top5,11,35,3.1818181818181817,3500,3040,-460,0.8685714285714285,0.0,1,0.02857142857142857,0.09090909090909091,136.23999999999995,150.7,0.5258448209383167,3040,1.0,2026-06-01
middle_plus_high_top5,13,41,3.1538461538461537,4100,0,-4100,0.0,0.0,0,0.0,0.0,155.50243902439024,167.1,0.5237026902175335,0,0.0,2026-06-02
middle_plus_high_top5,6,6,1.0,600,0,-600,0.0,0.0,0,0.0,0.0,30.25,30.25,0.9060502062409778,0,0.0,2026-06-03
middle_plus_high_top5,10,42,4.2,4200,0,-4200,0.0,0.0,0,0.0,0.0,150.11190476190473,142.65,0.4545949301740202,0,0.0,2026-06-04
middle_plus_high_top5,8,36,4.5,3600,0,-3600,0.0,0.0,0,0.0,0.0,149.8361111111111,152.45,0.4643871003552163,0,0.0,2026-06-05
middle_plus_high_top5,12,48,4.0,4800,0,-4800,0.0,0.0,0,0.0,0.0,151.48333333333332,158.95,0.4756604005250346,0,0.0,2026-06-06
middle_plus_high_top5,18,63,3.5,6300,3000,-3300,0.47619047619047616,0.0,1,0.015873015873015872,0.05555555555555555,149.3206349206349,162.9,0.5130202493629297,3000,1.0,2026-06-07
middle_plus_high_top5,1,1,1.0,100,0,-100,0.0,0.0,0,0.0,0.0,30.4,30.4,0.9011130620175738,0,0.0,2026-06-08
middle_plus_high_top5,4,4,1.0,400,0,-400,0.0,0.0,0,0.0,0.0,30.15,30.15,0.904296867123847,0,0.0,2026-06-09
middle_plus_high_top5,6,6,1.0,600,3060,2460,5.1,0.0,1,0.16666666666666666,0.16666666666666666,30.433333333333334,30.45,0.9066850147440828,3060,1.0,2026-06-10
middle_plus_high_top5,20,88,4.4,8800,40360,31560,4.586363636363636,2.35,3,0.03409090909090909,0.15,177.3897727272727,182.95,0.46458924675073326,19680,0.48761149653121905,2026-06-11
middle_plus_high_top5,18,84,4.666666666666667,8400,38810,30410,4.620238095238095,2.216666666666667,3,0.03571428571428571,0.16666666666666666,171.01666666666665,173.55,0.47172751699940124,20190,0.520226745684102,2026-06-12
middle_plus_high_top5,18,83,4.611111111111111,8300,0,-8300,0.0,0.0,0,0.0,0.0,180.95060240963855,185.0,0.46746803739254955,0,0.0,2026-06-13
middle_plus_high_top5,25,98,3.92,9800,18570,8770,1.8948979591836734,0.0,1,0.01020408163265306,0.04,178.69489795918366,191.5,0.4844596709853971,18570,1.0,2026-06-14
middle_plus_high_top5,5,5,1.0,500,0,-500,0.0,0.0,0,0.0,0.0,30.340000000000003,30.3,0.9056515682053796,0,0.0,2026-06-15
middle_plus_high_top5,12,50,4.166666666666667,5000,15310,10310,3.062,0.0,1,0.02,0.08333333333333333,156.52599999999998,156.45,0.4791213718020223,15310,1.0,2026-06-16
middle_plus_high_top5,15,55,3.6666666666666665,5500,0,-5500,0.0,0.0,0,0.0,0.0,152.5109090909091,151.3,0.4870970439405758,0,0.0,2026-06-17
middle_plus_high_top5,16,61,3.8125,6100,20890,14790,3.4245901639344263,0.0,1,0.01639344262295082,0.0625,153.54754098360655,161.1,0.4915945062207971,20890,1.0,2026-06-18
middle_plus_high_top5,21,69,3.2857142857142856,6900,0,-6900,0.0,0.0,0,0.0,0.0,135.37391304347827,142.6,0.5091242715509516,0,0.0,2026-06-19
middle_plus_high_top5,16,65,4.0625,6500,0,-6500,0.0,0.0,0,0.0,0.0,150.71230769230772,157.6,0.47608290150907406,0,0.0,2026-06-20
middle_plus_high_top5,16,63,3.9375,6300,0,-6300,0.0,0.0,0,0.0,0.0,155.15873015873018,164.7,0.4829002847082881,0,0.0,2026-06-21
middle_plus_high_top5,5,5,1.0,500,0,-500,0.0,0.0,0,0.0,0.0,30.24,30.1,0.9032386613349136,0,0.0,2026-06-22
middle_plus_high_top5,5,14,2.8,1400,0,-1400,0.0,0.0,0,0.0,0.0,115.25714285714287,113.65,0.5876113753950564,0,0.0,2026-06-23
middle_plus_high_top5,2,2,1.0,200,0,-200,0.0,0.0,0,0.0,0.0,30.200000000000003,30.200000000000003,0.9056975212662515,0,0.0,2026-06-24
middle_plus_high_top5,2,2,1.0,200,0,-200,0.0,0.0,0,0.0,0.0,30.4,30.4,0.9025505314052666,0,0.0,2026-06-25
middle_plus_high_top5,5,5,1.0,500,0,-500,0.0,0.0,0,0.0,0.0,30.340000000000003,30.3,0.9066251843909241,0,0.0,2026-06-26
