model,target,auc,rule,selected_races,selected_rate,avg_score,avg_payout,median_payout,max_payout,over_30_rate,over_50_rate,over_100_rate,target_hit_rate
logistic,is_over_50,0.613640987862389,ALL,13320,1.0,0.4749354470918372,13415.762012012012,3860.0,1240140,0.09722222222222222,0.05683183183183183,0.021021021021021023,0.05683183183183183
logistic,is_over_50,0.613640987862389,top_1pct,133,0.009984984984984985,0.8197411495432306,28604.736842105263,11790.0,332500,0.2631578947368421,0.17293233082706766,0.045112781954887216,0.17293233082706766
logistic,is_over_50,0.613640987862389,top_3pct,399,0.029954954954954954,0.7940317601919534,29039.598997493733,9590.0,704460,0.23809523809523808,0.14786967418546365,0.05012531328320802,0.14786967418546365
logistic,is_over_50,0.613640987862389,top_5pct,666,0.05,0.7754996872786727,28631.696696696697,9350.0,1240140,0.22372372372372373,0.13513513513513514,0.04954954954954955,0.13513513513513514
logistic,is_over_50,0.613640987862389,top_10pct,1332,0.1,0.7222863154530379,26460.09009009009,8265.0,1240140,0.20045045045045046,0.12537537537537538,0.0503003003003003,0.12537537537537538
logistic,is_over_50,0.613640987862389,top_20pct,2664,0.2,0.6472383985056046,20295.326576576575,6850.0,1240140,0.15578078078078078,0.09384384384384384,0.03490990990990991,0.09384384384384384
logistic,is_over_50,0.613640987862389,score>=0.30,12543,0.9416666666666667,0.4894148819749181,13867.691939727338,4070.0,1240140,0.10061388822450769,0.05915650163437774,0.02192457944670334,0.05915650163437774
logistic,is_over_50,0.613640987862389,score>=0.40,10164,0.763063063063063,0.5199991393402473,14920.384691066509,4560.0,1240140,0.11088154269972451,0.06493506493506493,0.023809523809523808,0.06493506493506493
logistic,is_over_50,0.613640987862389,score>=0.50,5000,0.37537537537537535,0.5885686013691478,17363.862,5855.0,1240140,0.134,0.0782,0.0262,0.0782
logistic,is_over_50,0.613640987862389,score>=0.60,1451,0.10893393393393394,0.7126335039113771,25329.84148862853,8050.0,1240140,0.18952446588559613,0.11784975878704342,0.04686423156443832,0.11784975878704342
random_forest,is_over_50,0.6272304099886111,ALL,13320,1.0,0.25902739024544896,13415.762012012012,3860.0,1240140,0.09722222222222222,0.05683183183183183,0.021021021021021023,0.05683183183183183
random_forest,is_over_50,0.6272304099886111,top_1pct,133,0.009984984984984985,0.6269946973250428,25232.330827067668,13190.0,276510,0.2857142857142857,0.14285714285714285,0.045112781954887216,0.14285714285714285
random_forest,is_over_50,0.6272304099886111,top_3pct,399,0.029954954954954954,0.5772752838612522,30303.40852130326,10970.0,778840,0.2581453634085213,0.15538847117794485,0.05764411027568922,0.15538847117794485
random_forest,is_over_50,0.6272304099886111,top_5pct,666,0.05,0.5444688910926643,27672.92792792793,9490.0,778840,0.23573573573573572,0.14414414414414414,0.04954954954954955,0.14414414414414414
random_forest,is_over_50,0.6272304099886111,top_10pct,1332,0.1,0.47647992939596356,25844.346846846845,8080.0,778840,0.2057057057057057,0.12912912912912913,0.05105105105105105,0.12912912912912913
random_forest,is_over_50,0.6272304099886111,top_20pct,2664,0.2,0.40253545927158274,20110.73948948949,6205.0,1240140,0.15165165165165165,0.09271771771771772,0.03415915915915916,0.09271771771771772
random_forest,is_over_50,0.6272304099886111,score>=0.30,2979,0.22364864864864864,0.3920253851733098,19397.334676065795,6030.0,1240140,0.14870762000671367,0.08828465928163813,0.031554212823095,0.08828465928163813
random_forest,is_over_50,0.6272304099886111,score>=0.40,1032,0.07747747747747748,0.5046763621743534,27373.972868217053,8875.0,778840,0.21414728682170542,0.1375968992248062,0.05426356589147287,0.1375968992248062
random_forest,is_over_50,0.6272304099886111,score>=0.50,510,0.038288288288288286,0.5629321261154461,29977.549019607843,10240.0,778840,0.24705882352941178,0.15098039215686274,0.054901960784313725,0.15098039215686274
random_forest,is_over_50,0.6272304099886111,score>=0.60,107,0.008033033033033033,0.6349340703196841,25407.66355140187,13190.0,276510,0.2897196261682243,0.12149532710280374,0.04672897196261682,0.12149532710280374
extra_trees,is_over_50,0.6190578086181445,ALL,13320,1.0,0.3663669498015765,13415.762012012012,3860.0,1240140,0.09722222222222222,0.05683183183183183,0.021021021021021023,0.05683183183183183
extra_trees,is_over_50,0.6190578086181445,top_1pct,133,0.009984984984984985,0.7091243357972863,29953.834586466164,11090.0,327530,0.2857142857142857,0.15789473684210525,0.07518796992481203,0.15789473684210525
extra_trees,is_over_50,0.6190578086181445,top_3pct,399,0.029954954954954954,0.678717570243831,29096.842105263157,10830.0,778840,0.2531328320802005,0.13784461152882205,0.05263157894736842,0.13784461152882205
extra_trees,is_over_50,0.6190578086181445,top_5pct,666,0.05,0.6583241641749505,28681.59159159159,9940.0,778840,0.23123123123123124,0.14114114114114115,0.05405405405405406,0.14114114114114115
extra_trees,is_over_50,0.6190578086181445,top_10pct,1332,0.1,0.6082006582401462,26700.0,7930.0,1240140,0.1996996996996997,0.12762762762762764,0.0518018018018018,0.12762762762762764
extra_trees,is_over_50,0.6190578086181445,top_20pct,2664,0.2,0.5203888049324044,20215.762012012012,6390.0,1240140,0.15165165165165165,0.0915915915915916,0.03641141141141141,0.0915915915915916
extra_trees,is_over_50,0.6190578086181445,score>=0.30,10588,0.7948948948948948,0.39946997813611723,14678.367963732528,4570.0,1240140,0.10833018511522478,0.06356252361163581,0.022572723838307517,0.06356252361163581
extra_trees,is_over_50,0.6190578086181445,score>=0.40,3377,0.25352852852852853,0.4962731797361619,18586.96180041457,5870.0,1240140,0.1445069588392064,0.0849866745632218,0.029908202546639027,0.0849866745632218
extra_trees,is_over_50,0.6190578086181445,score>=0.50,1237,0.09286786786786787,0.6176387089278523,27571.398544866614,8110.0,1240140,0.20452708164915118,0.13177041228779304,0.05335489086499596,0.13177041228779304
extra_trees,is_over_50,0.6190578086181445,score>=0.60,765,0.057432432432432436,0.6515696194038955,29311.37254901961,9600.0,778840,0.23137254901960785,0.1411764705882353,0.05359477124183006,0.1411764705882353
hist_gradient_boosting,is_over_50,0.6206958409142361,ALL,13320,1.0,0.05619679341878783,13415.762012012012,3860.0,1240140,0.09722222222222222,0.05683183183183183,0.021021021021021023,0.05683183183183183
hist_gradient_boosting,is_over_50,0.6206958409142361,top_1pct,133,0.009984984984984985,0.1983792619303521,32202.93233082707,13590.0,327530,0.2932330827067669,0.17293233082706766,0.06766917293233082,0.17293233082706766
hist_gradient_boosting,is_over_50,0.6206958409142361,top_3pct,399,0.029954954954954954,0.1658655039890264,28391.979949874687,11170.0,464820,0.2631578947368421,0.17042606516290726,0.05012531328320802,0.17042606516290726
hist_gradient_boosting,is_over_50,0.6206958409142361,top_5pct,666,0.05,0.1487027956260574,26246.006006006006,9670.0,464820,0.2222222222222222,0.13813813813813813,0.04804804804804805,0.13813813813813813
hist_gradient_boosting,is_over_50,0.6206958409142361,top_10pct,1332,0.1,0.1213312686449284,26703.25075075075,7975.0,1240140,0.20045045045045046,0.12987987987987987,0.05105105105105105,0.12987987987987987
hist_gradient_boosting,is_over_50,0.6206958409142361,top_20pct,2664,0.2,0.09385433927747712,19890.893393393395,6375.0,1240140,0.15202702702702703,0.0915915915915916,0.03265765765765766,0.0915915915915916
hist_gradient_boosting,is_over_50,0.6206958409142361,score>=0.30,0,0.0,0.0,0.0,0.0,0,0.0,0.0,0.0,0.0
hist_gradient_boosting,is_over_50,0.6206958409142361,score>=0.40,0,0.0,0.0,0.0,0.0,0,0.0,0.0,0.0,0.0
hist_gradient_boosting,is_over_50,0.6206958409142361,score>=0.50,0,0.0,0.0,0.0,0.0,0,0.0,0.0,0.0,0.0
hist_gradient_boosting,is_over_50,0.6206958409142361,score>=0.60,0,0.0,0.0,0.0,0.0,0,0.0,0.0,0.0,0.0
lightgbm,is_over_50,0.6073557302897492,ALL,13320,1.0,0.3322928427115649,13415.762012012012,3860.0,1240140,0.09722222222222222,0.05683183183183183,0.021021021021021023,0.05683183183183183
lightgbm,is_over_50,0.6073557302897492,top_1pct,133,0.009984984984984985,0.7687061346183536,27951.052631578947,12270.0,276510,0.2556390977443609,0.16541353383458646,0.06015037593984962,0.16541353383458646
lightgbm,is_over_50,0.6073557302897492,top_3pct,399,0.029954954954954954,0.7245643865530808,26481.503759398496,10470.0,332500,0.23809523809523808,0.14035087719298245,0.05513784461152882,0.14035087719298245
lightgbm,is_over_50,0.6073557302897492,top_5pct,666,0.05,0.6912297954976798,27591.35135135135,10050.0,704460,0.22672672672672672,0.14564564564564564,0.057057057057057055,0.14564564564564564
lightgbm,is_over_50,0.6073557302897492,top_10pct,1332,0.1,0.6265880574247622,24283.1981981982,7885.0,1240140,0.19369369369369369,0.12012012012012012,0.04354354354354354,0.12012012012012012
lightgbm,is_over_50,0.6073557302897492,top_20pct,2664,0.2,0.5600015976102886,19637.225975975976,5940.0,1240140,0.15202702702702703,0.09046546546546547,0.03228228228228228,0.09046546546546547
lightgbm,is_over_50,0.6073557302897492,score>=0.30,7732,0.5804804804804805,0.4421869151859216,15574.558975685462,4880.0,1240140,0.11627004655975168,0.06828763579927574,0.024185204345576822,0.06828763579927574
lightgbm,is_over_50,0.6073557302897492,score>=0.40,4525,0.3397147147147147,0.506799883402123,17505.133701657458,5410.0,1240140,0.13458563535911602,0.07955801104972375,0.02850828729281768,0.07955801104972375
lightgbm,is_over_50,0.6073557302897492,score>=0.50,1849,0.1388138138138138,0.5950897343844683,21421.33044889129,6760.0,1240140,0.17090319091400757,0.1032990805840995,0.035154137371552194,0.1032990805840995
lightgbm,is_over_50,0.6073557302897492,score>=0.60,717,0.05382882882882883,0.6851077735804406,27839.67921896792,10000.0,778840,0.22315202231520223,0.14086471408647142,0.05439330543933055,0.14086471408647142
xgboost,is_over_50,0.6183200211226042,ALL,13320,1.0,0.05651882663369179,13415.762012012012,3860.0,1240140,0.09722222222222222,0.05683183183183183,0.021021021021021023,0.05683183183183183
xgboost,is_over_50,0.6183200211226042,top_1pct,133,0.009984984984984985,0.24931493401527405,27503.233082706767,14270.0,156800,0.3157894736842105,0.18045112781954886,0.05263157894736842,0.18045112781954886
xgboost,is_over_50,0.6183200211226042,top_3pct,399,0.029954954954954954,0.20191867649555206,27842.907268170427,10830.0,778840,0.24060150375939848,0.14035087719298245,0.045112781954887216,0.14035087719298245
xgboost,is_over_50,0.6183200211226042,top_5pct,666,0.05,0.17692220211029053,27348.1981981982,9545.0,778840,0.22372372372372373,0.14114114114114115,0.04804804804804805,0.14114114114114115
xgboost,is_over_50,0.6183200211226042,top_10pct,1332,0.1,0.14152811467647552,25460.563063063062,7890.0,1240140,0.18993993993993993,0.12387387387387387,0.0472972972972973,0.12387387387387387
xgboost,is_over_50,0.6183200211226042,top_20pct,2664,0.2,0.11091379821300507,20381.253753753754,6220.0,1240140,0.1569069069069069,0.09534534534534535,0.03528528528528529,0.09534534534534535
xgboost,is_over_50,0.6183200211226042,score>=0.30,11,0.0008258258258258258,0.33565467596054077,47000.90909090909,46480.0,115420,0.7272727272727273,0.45454545454545453,0.09090909090909091,0.45454545454545453
xgboost,is_over_50,0.6183200211226042,score>=0.40,0,0.0,0.0,0.0,0.0,0,0.0,0.0,0.0,0.0
xgboost,is_over_50,0.6183200211226042,score>=0.50,0,0.0,0.0,0.0,0.0,0,0.0,0.0,0.0,0.0
xgboost,is_over_50,0.6183200211226042,score>=0.60,0,0.0,0.0,0.0,0.0,0,0.0,0.0,0.0,0.0
catboost,is_over_50,0.6116222061155239,ALL,13320,1.0,0.41639443050389374,13415.762012012012,3860.0,1240140,0.09722222222222222,0.05683183183183183,0.021021021021021023,0.05683183183183183
catboost,is_over_50,0.6116222061155239,top_1pct,133,0.009984984984984985,0.7778136621151139,31230.751879699248,11710.0,276510,0.3082706766917293,0.16541353383458646,0.08270676691729323,0.16541353383458646
catboost,is_over_50,0.6116222061155239,top_3pct,399,0.029954954954954954,0.7451536261227831,29703.38345864662,11020.0,778840,0.2506265664160401,0.14786967418546365,0.05263157894736842,0.14786967418546365
catboost,is_over_50,0.6116222061155239,top_5pct,666,0.05,0.7205987104472917,29070.06006006006,9670.0,778840,0.22672672672672672,0.13963963963963963,0.052552552552552555,0.13963963963963963
catboost,is_over_50,0.6116222061155239,top_10pct,1332,0.1,0.6655313897173145,26684.75975975976,7975.0,1240140,0.1996996996996997,0.12462462462462462,0.0518018018018018,0.12462462462462462
catboost,is_over_50,0.6116222061155239,top_20pct,2664,0.2,0.6016390510155476,20465.221471471472,6540.0,1240140,0.1554054054054054,0.09421921921921922,0.036036036036036036,0.09421921921921922
catboost,is_over_50,0.6116222061155239,score>=0.30,10862,0.8154654654654655,0.46498529401685196,14705.90314859142,4455.0,1240140,0.10817529000184128,0.06389246915853435,0.0235684036089118,0.06389246915853435
catboost,is_over_50,0.6116222061155239,score>=0.40,7900,0.5930930930930931,0.5059895031628883,15489.946835443037,4880.0,1240140,0.11658227848101266,0.06746835443037974,0.024430379746835443,0.06746835443037974
catboost,is_over_50,0.6116222061155239,score>=0.50,3269,0.24542042042042042,0.5841639297245967,19132.94891404099,6050.0,1240140,0.14683389415723463,0.08718262465585806,0.03242581829305598,0.08718262465585806
catboost,is_over_50,0.6116222061155239,score>=0.60,1046,0.07852852852852853,0.6881295108998219,28202.217973231356,8755.0,1240140,0.21032504780114722,0.13001912045889102,0.05353728489483748,0.13001912045889102
