race_id,combination,payout,popularity,result_top3,top3_match
1120230622030007,1-4-2,5890,43,1-4-2-5,False
1120230715020001,5-3-1,1100,6,5-3-1-7,False
1120240912030010,1-7-2,680,2,,False
1120240912030011,1-3-4,2040,5,1-7-2,False
1120240923010001,5-3-1,140,1,5-3-1-2,False
1120250416010012,3-1-5,6070,48,3-1-5-7,False
1120250701020006,1-3-6,900,2,7-4,False
1120260523020007,3-5-6,710,1,,False
1120260523020008,1-4-2,1310,2,3-5-6,False
1120260523020009,5-3-4,8160,23,1-4-2,False
1120260523020010,4-3-2,6740,19,5-3-4,False
1120260523020011,5-2-6,4470,17,4-3-2,False
1220230610010006,1-2-5,320,1,,False
1220230610010007,1-3-6,2070,6,1-2-5,False
1220230610010008,6-3-5,36590,112,1-3-6,False
1220230709010011,5-4-3,1380,6,5-4-3-7,False
1220230826020002,1-2-3,1830,12,1-2-3-4,False
1220231020030001,7-3-1,6550,26,7-3-1-2,False
1220240726020012,2-7-1,5120,26,2-7-1-4,False
1220251027010007,1-5-2,410,1,1-5-2-7,False
1320230325010009,5-7-1,38560,54,,False
1320230325010010,7-1-5,790,3,5-7-1,False
1320230325010011,5-4-1,44760,137,7-1-5,False
1320230918010009,2-1-7,1920,4,,False
1320230918010010,5-1-2,370,1,2-1-7,False
1320230918010011,5-1-3,14570,87,5-1-2,False
1320240430060001,7-3-1,16600,115,7-3-1-5,False
1320240707020003,4-3-1,1940,9,4-3-1-6,False
1320240707020006,2-3-5,830,6,2-3-5-6,False
1320240725010001,1-2-3,1630,5,,False
1320240725010002,1-2-3,1270,3,,False
1320240725010003,1-2-4,8000,28,1-2-3,False
1320240725010005,5-2-6,62500,161,1-2-4,False
1320240808020001,4-1-3,2850,10,,False
1320240808020002,4-1-7,650,1,,False
1320240808020003,5-7-3,5880,21,4-1-3,False
1320240808020004,5-4-7,1880,5,4-1-7,False
1320240808020005,1-3-5,160,1,5-7-3,False
1320241113030009,2-5-1,250,1,2-5-1-6,False
1320250924010004,1-4-3,5260,30,1-4-3-6,False
2120240513010010,7-3-4,220,1,7-3-4-5,False
2120250501010011,6-2-1,13320,104,6-2-1-5,False
2120250527010010,5-7-1,3690,21,5-7-1-3,False
2120250903030001,2-5-1,420,3,2-5-1-3,False
2120251020010008,1-6-2,6140,55,1-6-2-4,False
2120260527010008,2-1-3,4510,28,2-1-3-5,False
2120260622020008,5-2-1,610,1,,False
2120260622020009,6-3-4,4460,11,5-2-1,False
2120260622020010,4-1-5,2770,6,6-3-4,False
2220231123010006,3-2-4,66070,58,,False
2220240119030001,4-3-1,5070,31,4-3-1-5,False
2220240708010004,4-2-3,450,3,4-2-3-7,False
2220241030020001,2-3-1,4300,17,2-3-1-5,False
2220250101010001,3-2-4,580,1,1-5,False
2220250101010002,2-4-3,1600,4,3-2-4,False
2220250101010003,1-3-5,680,3,2-4-3,False
2220250101010004,3-2-1,90670,136,1-3-5,False
2220250101010005,2-4-1,7050,21,3-2-1,False
2220250101010006,6-2-1,39000,78,2-4-1,False
2220250101010007,7-4-3,6890,24,6-2-1,False
2220250101010008,7-2-6,540,2,7-4-3,False
2220250101010009,7-3-1,1790,6,7-2-6,False
2220250101010010,3-5-2,260,1,7-3-1,False
2220250101010011,7-1-3,20550,62,3-5-2,False
2220251227010008,4-2-1,790,3,,False
2320230831030002,2-1-3,15140,81,2-1-3-5,False
2320230925010003,6-3-2,59800,114,6-3-2-4,False
2320231129030007,3-5-1,6860,49,3-5-1-7,False
2320240506020001,2-7-1,2220,17,2-7-1-5,False
2320240524020005,4-7-2,3900,28,4-7-2-5,False
2320240810020008,2-3-7,21210,47,,False
2320240810020009,2-3-6,10580,38,2-3-7,False
2320240810020010,4-2-6,4650,8,2-3-6,False
2320240810020011,1-3-6,7360,16,4-2-6,False
2320250128020004,3-4-2,3440,18,3-4-2-7,False
2320251224010001,4-2-6,6000,17,,False
2320251224010002,3-7-1,160,1,4-2-6,False
2320251224010003,7-2-3,4940,8,3-7-1,False
2320251224010004,5-1-3,410,1,7-2-3,False
2320251224010005,7-1-2,320,1,5-1-3,False
2320251224010006,7-4-2,3580,12,7-1-2,False
2320251224010007,2-4-7,3270,9,7-4-2,False
2320251224010008,5-3-6,870,2,2-4-7,False
2320251224010009,1-5-2,3080,6,5-3-6,False
2320251224010010,7-2-5,2950,6,1-5-2,False
2320260419020005,3-5-1,2650,23,3-5-1-6,False
2320260613020006,4-3-1,27600,133,4-3-1-7,False
2420230122020007,5-2-1,600,5,5-2-1-7,False
2420230205030003,6-3-4,15360,76,6-3-4-7,False
2420240122030011,7-1-4,440,1,7-1-4-5,False
2420240503010006,2-6-4,9630,41,2-6-4-5,False
2420250109020012,3-7-2,4430,21,3-7-2-6,False
2420250210010002,5-3-4,5320,35,5-3-4-7,False
2420250217010010,4-3-5,140,1,,False
2420250217010011,7-4-2,1240,2,4-3-5,False
2420250217030004,7-2-3,4080,25,7-2-3-5,False
2420250707030006,1-3-4,1560,9,1-3-4-6,False
2420260621030008,1-6-5,4570,28,1-6-5-7,False
2520230324020001,7-4-3,28660,49,,False
2520230324020002,1-4-2,45790,96,7-4-3,False
2520230324020003,6-3-7,3030,5,1-4-2,False
2520230324020004,5-4-1,220,1,6-3-7,False
2520230324020005,5-4-7,290,1,5-4-1,False
2520230324020006,1-4-5,1960,6,5-4-7,False
2520240724010005,3-2-7,670,2,,False
2520240724010006,4-7-5,9790,26,3-2-7,False
2520240724010007,3-5-7,1780,5,4-7-5,False
2520240724010008,7-1-6,2690,8,3-5-7,False
2520240724010009,7-4-3,7380,18,7-1-6,False
2520240724010010,1-4-2,5240,12,7-4-3,False
2520240724010011,4-6-1,3510,10,1-4-2,False
2520240724030011,1-4-5,29570,141,1-4-5-7,False
2520250124010008,7-3-1,2620,16,7-3-1-6,False
2520250705010002,7-1-4,470,3,7-1-4-5,False
2520250911010010,7-5-1,18560,63,,False
2520250929030003,1-5-3,6780,44,1-5-3-4,False
2520251217020002,1-4-6,7000,41,1-4-6-7,False
2620231124030003,7-4-2,6520,37,7-4-2-6,False
2620240822030001,4-2-3,2600,9,,False
2620240822030002,2-7-5,1170,3,,False
2620240822030003,4-1-2,1340,3,4-2-3,False
2620240822030004,2-1-3,1360,4,2-7-5,False
2620240822030005,1-3-4,640,1,4-1-2,False
2620241129010006,6-3-1,3860,23,6-3-1-2,False
2620260215020009,2-4-1,1970,3,,False
2620260215020010,4-3-2,1860,7,2-4-1,False
2620260312010009,7-2-1,6400,41,7-2-1-8,False
2620260312020005,2-7-1,810,3,2-7-1-5,False
2720240101030005,2-1-3,4410,25,2-1-3-6,False
2720241026040012,5-9-3,14130,95,5-9-3-7,False
2720250307030003,4-5-1,220,1,4-5-1-2,False
2720251002040011,3-6-2,5220,30,3-6-2-7,False
2720260610010004,2-4-1,220,2,2-4-1-7,False
2720260617010001,5-1-7,1930,7,,False
2720260617010002,2-7-4,33680,33,5-1-7,False
2720260617010003,5-2-4,390,1,2-7-4,False
2720260617010004,2-3-5,97280,125,5-2-4,False
2720260617010005,5-2-4,1060,3,2-3-5,False
2720260617010006,5-4-7,53080,111,5-2-4,False
2720260617010007,2-5-3,720,2,5-4-7,False
2720260617010008,7-4-5,44230,106,2-5-3,False
2720260617010009,4-1-3,1470,4,7-4-5,False
2720260617010010,3-4-6,920,3,4-1-3,False
2720260617010011,1-5-7,87020,204,3-4-6,False
2820240830030009,4-1-3,10840,38,2-7,False
2820240830030010,4-2-3,7540,54,4-1-3,False
2820260119030009,1-2-6,6210,24,1-2-6-7,False
2820260328030009,2-5-1,420,3,2-5-1-6,False
3120240401010002,4-1-2,910,4,4-1-2-5,False
3120240918010007,2-1-3,450,2,2-1-3-5,False
3120241015030007,3-1-2,1240,8,3-1-2-6,False
3120250422030005,4-2-6,5020,16,,False
3120250422030006,5-3-1,800,1,4-2-6,False
3120250422030007,2-6-1,37750,74,5-3-1,False
3120250422030008,1-2-5,2880,8,2-6-1,False
3120250422030009,4-3-1,3780,10,1-2-5,False
3120250422030010,3-7-4,5400,11,4-3-1,False
3120251126030005,2-5-7,28750,85,,False
3120251126030006,3-7-2,199880,132,2-5-7,False
3120251126030007,5-4-1,2860,10,3-7-2,False
3120251126030008,7-5-4,35770,107,5-4-1,False
3120251126030009,6-2-3,100900,133,7-5-4,False
3120251126030010,3-4-5,16990,55,6-2-3,False
3120251126030011,1-3-2,17890,83,3-4-5,False
3120260531030006,4-7-1,12230,51,,False
3120260531030007,2-7-3,22250,73,4-7-1,False
3120260531030008,1-7-3,1070,6,2-7-3,False
3120260531030009,7-3-1,10700,42,1-7-3,False
3120260531030010,5-3-4,11670,22,7-3-1,False
3120260615030003,2-3-1,1710,9,2-3-1-7,False
3420231124030002,2-1-3,1030,6,2-1-3-5,False
3420240118020011,7-3-1,7430,39,7-3-1-8,False
3420240929020009,1-2-5,5320,33,1-2-5-7,False
3420241011010009,1-4-3,17150,76,1-4-3-9,False
3420241130010004,1-2-3,140,1,1-2-3-4,False
3420250607020004,1-2-3,300,3,1-2-3-7,False
3520231106030012,2-3-1,3560,19,2-3-1-7,False
3520250728010003,1-6-7,440,1,,False
3520250728010004,1-4-5,31910,99,1-6-7,False
3520250728010005,4-2-6,3410,13,1-4-5,False
3520250728010006,3-5-4,1570,5,4-2-6,False
3520250728010007,1-2-4,260,1,3-5-4,False
3520250728010008,1-5-3,840,2,1-2-4,False
3620240531030002,4-6-1,4230,29,4-6-1-3,False
3620240921030012,4-1-2,12760,63,4-1-2-3,False
3620240930030001,5-3-7,61590,115,1-3,False
3620240930030002,3-2-1,17570,72,5-3-7,False
3620240930030003,7-1-3,340,1,3-2-1,False
3620240930030004,7-3-6,24390,95,7-1-3,False
3620240930030005,5-6-4,15670,48,7-3-6,False
3620240930030006,5-1-4,1380,4,5-6-4,False
3720230216010006,5-1-7,57200,173,5-1-7-8,False
3720230216030006,1-8-6,13340,71,1-8-6-9,False
3720230529010001,7-1-2,7150,44,7-1-2-3,False
3720240106030001,3-5-4,1210,7,3-5-4-6,False
3720240106030006,1-3-2,2340,17,1-3-2-5,False
3720241102010004,1-3-2,350,2,1-3-2-4,False
3720250405010012,2-7-1,3000,19,2-7-1-3,False
3720250517030002,2-7-1,33530,85,1-6,False
3720250517030003,1-2-4,320,1,2-7-1,False
3720250517030004,5-3-1,6040,17,1-2-4,False
3720250517030005,1-4-7,23730,81,5-3-1,False
3720250517030006,1-3-4,1030,1,1-4-7,False
3720250517030007,1-2-4,510,2,1-3-4,False
3720250517030008,1-7-5,600,2,1-2-4,False
3720260116020008,4-6-2,5980,40,4-6-2-3,False
3720260201010004,2-1-3,590,2,,False
3720260201010005,2-1-5,210,1,2-1-3,False
3720260201010006,2-7-1,7030,16,2-1-5,False
3720260413030003,1-7-3,4870,30,1-7-3-4,False
3720260418030011,1-4-5,820,7,1-4-5-7,False
3820230429030001,5-2-3,5230,31,5-2-3-4,False
3820230707010005,6-5-3,5540,26,6-5-3-4,False
3820230714010003,7-5-2,2180,12,7-5-2-3,False
3820250711010009,7-5-1,1500,8,7-5-1-3,False
3820251009020001,2-1-3,340,1,2-1-3-5,False
3820260524020003,4-7-1,36940,161,4-7-1-6,False
4220230206010005,5-1-4,250,2,5-1-4-6,False
4220230214030008,4-5-3,2830,13,4-5-3-7,False
4220230309020003,3-1-7,24600,61,,False
4220230309020004,1-4-2,530,1,3-1-7,False
4220230309020005,6-2-4,5670,23,1-4-2,False
4220230309020006,4-7-3,33670,98,6-2-4,False
4220230309020007,7-4-2,670,1,4-7-3,False
4220230309020008,1-7-6,5760,23,7-4-2,False
4220230309020009,5-1-7,6900,17,1-7-6,False
4220230309020010,6-2-3,59240,89,5-1-7,False
4220230309020011,2-5-4,910,3,6-2-3,False
4220230426030005,4-2-6,510,1,1-2,False
4220230426030006,4-3-6,780,1,4-2-6,False
4220230426030007,7-3-4,1730,3,4-3-6,False
4220230426030008,6-2-4,12580,34,7-3-4,False
4220230426030009,5-7-1,5010,14,6-2-4,False
4220230426030010,3-7-1,3890,16,5-7-1,False
4220230426030011,5-7-1,4420,13,3-7-1,False
4220240128020009,3-2-7,4010,9,7-6,False
4220240128020010,5-2-7,970,3,3-2-7,False
4220240128020011,6-1-3,294710,179,5-2-7,False
4220250325020009,7-2-1,14900,55,7-2-1-3,False
4220250401010004,2-1-3,1230,8,2-1-3-4,False
4220250913030003,5-6-2,27980,113,5-6-2-4,False
4220251122020009,1-2-4,1600,21,1-2-4-5,False
4220251214010002,2-1-3,40350,103,2-1-3-5,False
4220260214020007,1-4-2,3530,25,1-4-2-3,False
4320240125020001,3-4-1,1020,4,3-4-1-5,False
4320240209020004,8-3-2,76400,336,8-3-2-6,False
4320240209040009,4-7-1,103400,349,4-7-1-2,False
4320240225030007,4-7-3,6710,48,4-7-3-5,False
4320260604010002,1-6-4,250,2,1-6-4-5,False
4420230218020003,1-4-2,1910,10,1-4-2-7,False
4420230508030002,2-7-4,26330,112,2-7-4-6,False
4420230519020001,5-1-2,1810,12,5-1-2-6,False
4420230610010006,7-1-5,1100,6,7-1-5-6,False
4420230610010008,5-3-2,8490,52,5-3-2-6,False
4420240401030001,4-6-1,8270,53,4-6-1-7,False
4420240617030005,7-5-1,510,1,7-5-1-3,False
4420250214020006,7-5-3,13150,97,7-5-3-4,False
4420250329030011,3-5-2,3320,21,3-5-2-4,False
4420260105020001,1-2-3,360,3,1-2-3-4,False
4420260625020004,6-4-1,8210,38,6-4-1-2,False
4520230804020002,5-3-2,420,4,5-3-2-4,False
4520230824030001,2-1-5,270,1,,False
4520230824030002,1-5-6,8430,33,2-1-5,False
4520230824030003,2-1-7,31330,101,1-5-6,False
4520230824030004,1-2-7,2400,5,2-1-7,False
4520230824030005,3-1-4,6950,27,1-2-7,False
4520230824030006,3-2-4,1600,5,3-1-4,False
4520250401020008,5-2-1,21820,83,5-2-1-7,False
4520250929020002,1-6-2,1810,16,1-6-2-5,False
4520251028020002,1-5-2,2650,18,1-5-2-3,False
4520260415030011,4-7-1,1040,6,4-7-1-6,False
4620240607030009,5-1-4,3150,16,5-1-4-7,False
4620250619020001,5-1-2,1780,7,4-3,False
4620250619020002,3-7-1,930,4,5-1-2,False
4620250619020003,2-5-7,4070,8,3-7-1,False
4620250619020004,6-5-4,440,1,2-5-7,False
4620250619020005,4-1-2,820,3,6-5-4,False
4620250619020006,4-7-1,33590,74,4-1-2,False
4620250619020007,4-1-6,420,1,4-7-1,False
4620250619020008,5-3-2,2600,7,4-1-6,False
4620250619020009,1-7-5,1970,8,5-3-2,False
4620250619020010,6-4-2,2130,7,1-7-5,False
4720240113020004,5-2-4,9740,60,5-2-4-7,False
4720240122030004,2-1-3,1000,5,2-1-3-6,False
4720240526020009,2-3-1,1760,11,2-3-1-6,False
4720240917010012,7-5-3,8590,76,7-5-3-6,False
4720251010020010,2-4-8,5460,44,2-4-8-9,False
4720260201010012,2-7-1,12440,88,2-7-1-3,False
4820231224010009,5-1-2,630,5,5-1-2-4,False
4820240220010006,1-5-2,59760,62,1-5-2-7,False
5120250508010006,1-5-7,190,1,,False
5120250514030001,7-2-1,2390,16,7-2-1-5,False
5120250912010004,1-4-7,1020,1,,False
5120250912010005,1-5-7,1920,5,1-4-7,False
5120250912010006,4-2-5,408650,313,1-5-7,False
5120250912010007,3-8-5,32920,86,4-2-5,False
5120250912010008,8-2-1,8140,27,3-8-5,False
5120250912010009,4-9-1,29520,82,8-2-1,False
5120250912010010,1-9-5,1820,3,4-9-1,False
5120250912010011,5-1-2,1170,1,1-9-5,False
5320240713020004,3-7-1,490,2,,False
5320240713020005,1-6-2,1950,5,3-7-1,False
5320240713020006,2-5-6,1750,5,1-6-2,False
5320240713020007,6-3-7,35150,101,2-5-6,False
5320240713020008,1-5-6,2760,9,6-3-7,False
5320240713020009,5-1-4,24770,67,1-5-6,False
5320240713020010,4-1-3,21850,50,5-1-4,False
5320240713020011,7-1-4,460,2,4-1-3,False
5420230422020004,4-5-1,1510,6,4-5-1-6,False
5420240304030004,5-4-2,4150,25,5-4-2-3,False
5520230112010012,1-5-2,660,3,1-5-2-9,False
5520230123030109,3-2-1,22740,75,3-2-1-5,False
5520230528020012,5-1-2,1300,9,5-1-2-7,False
5520230810040003,7-5-9,14420,48,4-3,False
5520230810040004,2-4-9,10280,30,7-5-9,False
5520230810040005,5-3-8,1540,1,2-4-9,False
5520230810040006,7-4-1,6580,20,5-3-8,False
5520230810040007,8-9-4,402630,405,7-4-1,False
5520230810040008,5-1-3,2230,5,8-9-4,False
5520230810040009,4-5-9,22840,92,5-1-3,False
5520230810040010,2-9-8,11180,22,4-5-9,False
5520230810040011,4-5-9,15380,36,2-9-8,False
5520230929030010,5-7-2,5160,25,5-7-2-6,False
5520240404020002,2-7-4,2840,6,3-6,False
5520240404020003,5-4-2,3420,9,2-7-4,False
5520240404020004,5-1-7,4150,10,5-4-2,False
5520240404020005,7-5-4,44550,95,5-1-7,False
5520240404020006,5-1-3,2750,9,7-5-4,False
5520240404020007,6-2-5,13030,39,5-1-3,False
5520240404020008,4-7-1,35440,70,6-2-5,False
5520240404020009,1-6-3,38520,78,4-7-1,False
5520240404020010,1-5-3,47030,95,1-6-3,False
5520240404020011,4-5-1,390,1,1-5-3,False
5520240727030004,7-5-2,20330,99,7-5-2-4,False
5520260312020001,5-1-4,630,1,,False
5520260312020002,5-1-7,7190,15,5-1-4,False
5520260312020003,4-2-7,71150,111,5-1-7,False
5520260312020004,2-5-7,3390,10,4-2-7,False
5520260312020005,3-7-2,380,1,2-5-7,False
5520260312020006,3-4-1,1220,5,3-7-2,False
5620230214030010,3-4-2,520,2,3-4-2-5,False
5620230505030004,7-6-1,49580,109,7-6-1-4,False
5620230613010007,9-1-2,111710,172,9-1-2-4,False
5620230613050011,1-7-3,1090,3,1-7-3-5,False
5620230807020006,2-5-3,490,1,,False
5620230807020007,2-7-4,1270,3,2-5-3,False
5620230807020008,2-5-3,8930,28,2-7-4,False
5620230807020009,1-5-6,3930,14,2-5-3,False
5620230807020010,1-5-7,50580,134,1-5-6,False
5620230807020011,7-2-1,2370,5,1-5-7,False
5620240205020002,2-1-4,1060,9,2-1-4-5,False
5620250617020004,5-1-4,4010,25,5-1-4-6,False
5620250827010011,1-4-2,125560,140,1-4-2-6,False
5620250827030006,2-4-1,1440,6,2-4-1-3,False
5620250905020004,2-5-1,550,2,2-5-1-4,False
5620251024020003,4-3-2,1380,8,4-3-2-5,False
5620260224020003,1-3-2,6660,16,,False
5620260224020004,1-3-7,23820,44,1-3-2,False
5620260224020005,7-1-5,1780,6,1-3-7,False
5620260224020006,5-7-2,32940,33,7-1-5,False
5620260224020007,7-1-4,2430,6,5-7-2,False
5620260224020008,1-3-5,15470,49,7-1-4,False
5620260224020009,2-1-5,110190,139,1-3-5,False
5620260224020010,3-4-1,5710,22,2-1-5,False
5620260224020011,3-2-7,15420,42,3-4-1,False
6120230726030002,4-1-2,5800,45,4-1-2-5,False
6120231118020006,2-4-3,5370,43,2-4-3-5,False
6120231204020010,7-5-3,6130,36,7-5-3-4,False
6120240519010010,5-3-4,3520,18,5-3-4-6,False
6120241230010006,2-3-1,870,3,2-3-1-4,False
6120250205030001,6-2-5,3670,11,,False
6120250205030002,1-4-2,1150,1,,False
6120250205030003,4-1-6,780,1,,False
6120250205030004,1-3-6,4290,15,,False
6120250205030005,2-1-3,4030,12,6-2-5,False
6120250306010003,9-7-1,4600,29,9-7-1-8,False
6120250314020005,3-5-2,2260,9,,False
6120250314020006,4-1-6,480,3,3-5-2,False
6120250314020007,1-7-3,7060,31,4-1-6,False
6120250314020008,1-4-5,220,1,1-7-3,False
6120250314020009,7-1-4,2310,5,1-4-5,False
6120250314020010,2-1-4,27010,43,7-1-4,False
6120250314020011,4-1-2,500,2,2-1-4,False
6120250909020002,3-5-1,220,1,3-5-1-2,False
6120250909020008,1-5-2,1450,4,,False
6120250909020009,3-5-4,26230,51,1-5-2,False
6120250909020010,4-5-2,15050,38,3-5-4,False
6120250909020011,2-7-5,5320,18,4-5-2,False
6120260316030008,1-3-4,4250,27,1-3-4-5,False
6220260208020001,6-5-2,28620,66,,False
6220260208020002,4-3-5,5240,16,,False
6220260208020003,4-7-1,1910,5,,False
6220260208020004,4-1-3,6870,22,6-5-2,False
6220260506010007,2-5-1,4850,29,2-5-1-4,False
6220260528020008,6-3-4,14380,95,6-3-4-5,False
6320250206010001,3-7-6,210,1,,False
6320250206010002,7-3-2,1140,4,,False
6320250206010003,3-1-7,340,1,,False
6320250206010004,4-7-5,1630,6,3-7-6,False
6320250206020003,5-2-3,170,1,,False
6320250206020004,2-5-7,7020,11,5-2-3,False
6320250206020005,7-4-6,360,1,2-5-7,False
6320250206020006,7-2-3,1880,6,7-4-6,False
6320250525020012,1-4-3,2920,23,1-4-3-5,False
6320250807030005,1-4-5,4930,24,1-4-5-7,False
6320260319020003,9-7-3,15150,103,9-7-3-6,False
7120230403020002,3-5-4,1450,4,,False
7120230403020003,6-4-3,66890,174,3-5-4,False
7120230403020004,3-6-5,2910,10,6-4-3,False
7120230403020005,2-4-5,13670,38,3-6-5,False
7120230403020006,5-7-4,3800,15,2-4-5,False
7120230610030012,2-3-5,2780,16,2-3-5-7,False
7120230619010009,3-7-5,940,5,3-7-5-6,False
7120240501010003,1-2-4,250,2,1-2-4-7,False
7120250107030004,2-4-1,1360,7,2-4-1-3,False
7120250301030003,2-1-3,1040,3,2-1-3-4,False
7120250317020001,2-4-3,3680,23,2-4-3-5,False
7120250410020007,1-4-3,3050,19,1-4-3-7,False
7120250505030008,4-7-3,2210,12,4-7-3-5,False
7120250521010008,2-3-1,19960,111,2-3-1-5,False
7320230213030007,5-1-2,1060,6,5-1-2-3,False
7320230531030004,1-6-5,8280,29,,False
7320230531030005,3-4-6,26530,74,1-6-5,False
7320230531030006,3-5-1,82860,131,3-4-6,False
7320230531030007,7-1-5,360,1,3-5-1,False
7320230531030008,7-6-1,16740,62,7-1-5,False
7320230531030009,2-5-4,2500,5,7-6-1,False
7320230531030010,7-5-4,12510,39,2-5-4,False
7320230531030011,2-7-4,13220,58,7-5-4,False
7320230821030008,1-7-2,1590,8,1-7-2-5,False
7320240813020011,1-2-4,4010,19,1-2-4-5,False
7320240922030004,3-6-2,26320,44,3-6-2-5,False
7320240922030007,2-4-7,300,1,,False
7320240922030008,1-4-3,8100,23,2-4-7,False
7320240922030009,5-3-2,4490,11,1-4-3,False
7320240922030010,7-2-1,23850,63,5-3-2,False
7320240922030011,3-2-5,22670,89,7-2-1,False
7320241220030002,4-2-5,3860,23,4-2-5-7,False
7420230622030003,2-5-1,1860,11,2-5-1-6,False
7420231005030005,1-3-2,540,3,1-3-2-5,False
7420240411020008,1-7-2,1290,6,1-7-2-6,False
7420250103030003,7-3-1,2680,15,7-3-1-6,False
7420250226010002,3-2-4,2940,9,,False
7420250226010003,2-4-1,4670,15,3-2-4,False
7420250226010004,3-1-6,5510,13,2-4-1,False
7420250226010005,1-3-2,2730,8,3-1-6,False
7420250226010006,4-5-6,5030,15,1-3-2,False
7420250319030003,1-3-2,820,3,1-3-2-6,False
7420250403010007,7-9-2,1800,9,7-9-2-3,False
7420260217010004,4-1-5,1160,6,4-1-5-6,False
7420260217020002,1-2-4,210,2,1-2-4-5,False
7520230420030012,1-6-4,1830,7,1-6-4-7,False
7520240531030011,3-6-2,29770,104,3-6-2-5,False
7520240920020004,2-4-1,380,3,2-4-1-5,False
7520241205040001,1-2-4,3140,20,1-2-4-5,False
8120230306030010,7-2-4,2900,16,7-2-4-5,False
8120230723030012,7-3-2,11620,95,7-3-2-5,False
8120231221010009,2-5-1,1960,11,2-5-1-7,False
8120240121010010,1-4-3,2920,14,1-4-3-7,False
8120240206010001,1-3-2,510,2,1-3-2-6,False
8120240410020006,3-4-2,54830,143,3-4-2-5,False
8120250725020007,2-1-3,1750,7,2-1-3-6,False
8120250815020001,4-3-1,15000,40,4-3-1-2,False
8120250916010011,2-4-3,2240,12,2-4-3-7,False
8120251013010012,4-3-5,2180,9,4-3-5-7,False
8320230821020002,3-7-2,780,3,3-7-2-5,False
8320240610010003,1-7-2,2170,10,1-7-2-4,False
8320240710010007,4-7-1,2860,16,4-7-1-2,False
8320250128030001,1-7-5,6210,44,1-7-5-6,False
8320251230030001,1-2-4,890,4,1-2-4-6,False
8320260217030002,7-2-1,6390,37,7-2-1-6,False
8320260410030011,2-7-1,3310,24,2-7-1-3,False
8420230706030007,7-4-2,42590,184,7-4-2-5,False
8420240308010002,1-3-2,390,3,1-3-2-4,False
8420250601030005,1-5-3,3770,24,1-5-3-4,False
8420250803010004,5-7-1,14020,47,5-7-1-3,False
8420260523020001,3-5-1,40700,234,3-5-1-9,False
8420260621030005,1-4-5,7170,23,,False
8420260621030006,4-3-5,14180,53,1-4-5,False
8420260621030007,7-3-1,323790,165,4-3-5,False
8420260621030008,2-1-5,3470,8,7-3-1,False
8520240408010003,1-5-3,870,6,1-5-3-4,False
8520240707020008,2-3-1,6920,21,2-7,False
8520250921030007,4-3-5,5880,25,4-3-5-7,False
8520251204030011,9-1-2,8480,58,9-1-2-6,False
8620230123030107,6-3-2,640,2,6-3-2-5,False
8620230318010007,3-4-1,25310,138,3-4-1-7,False
8620230630010008,3-7-2,6640,41,3-7-2-5,False
8620240219010005,1-5-4,3700,15,1-5-4-7,False
8620240219020005,3-7-1,360,3,3-7-1-5,False
8620240421010001,7-2-5,610,3,7-2-5-6,False
8620240725030008,5-3-9,2470,5,,False
8620240725030009,9-7-1,1690,3,5-3-9,False
8620240725030010,9-1-3,4360,8,9-7-1,False
8620240725030011,1-4-3,5890,15,9-1-3,False
8620251026020006,1-4-2,1430,10,1-4-2-6,False
8620251102010001,1-4-2,560,3,1-4-2-3,False
8620260120020009,6-7-1,4500,28,6-7-1-2,False
8720241215030007,1-7-2,14990,67,1-7-2-5,False
8720250223030001,7-1-3,8400,56,7-1-3-6,False
8720250421010010,2-5-1,280,1,,False
8720250421010011,4-1-6,2210,5,2-5-1,False
8720250724020009,2-7-1,1480,6,2-7-1-3,False
8720250917030004,4-1-3,2170,12,4-1-3-5,False
8720260314030003,7-5-2,4730,33,7-5-2-4,False
8720260507020006,2-5-6,24940,56,,False
8720260507020007,2-7-1,5060,16,2-5-6,False
8720260507020008,2-4-7,930,1,2-7-1,False
8720260507020009,2-7-4,3350,8,2-4-7,False
8720260507020010,1-5-3,13130,37,2-7-4,False
8720260507020011,5-1-4,2650,7,1-5-3,False
8720260529010009,6-5-2,3910,10,4-2,False
8720260529010010,6-7-3,85380,135,6-5-2,False
