model,params,auc,rule,selected_races,selected_rate,avg_score,avg_payout,median_payout,max_payout,over_30_rate,over_50_rate,over_100_rate,target_hit_rate
rf_1,"{'n_estimators': 300, 'min_samples_leaf': 10, 'max_features': 'sqrt', 'max_depth': None}",0.619963363511837,ALL,13320,1.0,0.19008543135982753,13415.762012012012,3860.0,1240140,0.09722222222222222,0.05683183183183183,0.021021021021021023,0.05683183183183183
rf_1,"{'n_estimators': 300, 'min_samples_leaf': 10, 'max_features': 'sqrt', 'max_depth': None}",0.619963363511837,top_1pct,133,0.009984984984984985,0.5211291268685792,24856.39097744361,9400.0,286320,0.2631578947368421,0.12030075187969924,0.05263157894736842,0.12030075187969924
rf_1,"{'n_estimators': 300, 'min_samples_leaf': 10, 'max_features': 'sqrt', 'max_depth': None}",0.619963363511837,top_3pct,399,0.029954954954954954,0.46806573598841955,26546.817042606515,9440.0,464820,0.24060150375939848,0.14035087719298245,0.05513784461152882,0.14035087719298245
rf_1,"{'n_estimators': 300, 'min_samples_leaf': 10, 'max_features': 'sqrt', 'max_depth': None}",0.619963363511837,top_5pct,666,0.05,0.43289472229102777,27018.09309309309,9360.0,778840,0.22972972972972974,0.13813813813813813,0.04954954954954955,0.13813813813813813
rf_1,"{'n_estimators': 300, 'min_samples_leaf': 10, 'max_features': 'sqrt', 'max_depth': None}",0.619963363511837,top_10pct,1332,0.1,0.3696132341463003,25527.237237237237,7930.0,1240140,0.19444444444444445,0.12162162162162163,0.0472972972972973,0.12162162162162163
rf_1,"{'n_estimators': 300, 'min_samples_leaf': 10, 'max_features': 'sqrt', 'max_depth': None}",0.619963363511837,score>=0.35,695,0.052177177177177174,0.42954353033810205,26726.64748201439,9360.0,778840,0.22877697841726619,0.13956834532374102,0.04748201438848921,0.13956834532374102
rf_1,"{'n_estimators': 300, 'min_samples_leaf': 10, 'max_features': 'sqrt', 'max_depth': None}",0.619963363511837,score>=0.40,433,0.032507507507507506,0.4631089267870991,27545.219399538106,9650.0,464820,0.2471131639722864,0.15011547344110854,0.05542725173210162,0.15011547344110854
rf_1,"{'n_estimators': 300, 'min_samples_leaf': 10, 'max_features': 'sqrt', 'max_depth': None}",0.619963363511837,score>=0.45,224,0.016816816816816817,0.49864003979517374,23444.6875,9375.0,286320,0.24553571428571427,0.11607142857142858,0.04017857142857143,0.11607142857142858
rf_1,"{'n_estimators': 300, 'min_samples_leaf': 10, 'max_features': 'sqrt', 'max_depth': None}",0.619963363511837,score>=0.50,85,0.0063813813813813815,0.53823334797202,29884.823529411766,10540.0,286320,0.3058823529411765,0.15294117647058825,0.07058823529411765,0.15294117647058825
rf_2,"{'n_estimators': 300, 'min_samples_leaf': 20, 'max_features': 'sqrt', 'max_depth': None}",0.6261710201193644,ALL,13320,1.0,0.25890023235640497,13415.762012012012,3860.0,1240140,0.09722222222222222,0.05683183183183183,0.021021021021021023,0.05683183183183183
rf_2,"{'n_estimators': 300, 'min_samples_leaf': 20, 'max_features': 'sqrt', 'max_depth': None}",0.6261710201193644,top_1pct,133,0.009984984984984985,0.6266877839599251,27035.563909774435,11090.0,276510,0.3007518796992481,0.15037593984962405,0.06015037593984962,0.15037593984962405
rf_2,"{'n_estimators': 300, 'min_samples_leaf': 20, 'max_features': 'sqrt', 'max_depth': None}",0.6261710201193644,top_3pct,399,0.029954954954954954,0.5765894383327027,30015.614035087718,10970.0,778840,0.2531328320802005,0.15037593984962405,0.05513784461152882,0.15037593984962405
rf_2,"{'n_estimators': 300, 'min_samples_leaf': 20, 'max_features': 'sqrt', 'max_depth': None}",0.6261710201193644,top_5pct,666,0.05,0.5436137256411546,27913.243243243243,9595.0,778840,0.24174174174174173,0.14714714714714713,0.04804804804804805,0.14714714714714713
rf_2,"{'n_estimators': 300, 'min_samples_leaf': 20, 'max_features': 'sqrt', 'max_depth': None}",0.6261710201193644,top_10pct,1332,0.1,0.47609066651348125,25691.644144144146,7960.0,778840,0.2012012012012012,0.12837837837837837,0.05105105105105105,0.12837837837837837
rf_2,"{'n_estimators': 300, 'min_samples_leaf': 20, 'max_features': 'sqrt', 'max_depth': None}",0.6261710201193644,score>=0.35,1475,0.11073573573573574,0.464423401361632,24434.277966101694,7640.0,778840,0.18983050847457628,0.12067796610169491,0.0488135593220339,0.12067796610169491
rf_2,"{'n_estimators': 300, 'min_samples_leaf': 20, 'max_features': 'sqrt', 'max_depth': None}",0.6261710201193644,score>=0.40,1029,0.07725225225225225,0.5047215098396232,26979.504373177842,8860.0,778840,0.2118561710398445,0.13702623906705538,0.052478134110787174,0.13702623906705538
rf_2,"{'n_estimators': 300, 'min_samples_leaf': 20, 'max_features': 'sqrt', 'max_depth': None}",0.6261710201193644,score>=0.45,754,0.05660660660660661,0.5337585655707321,27798.607427055704,9385.0,778840,0.23607427055702918,0.14456233421750664,0.05172413793103448,0.14456233421750664
rf_2,"{'n_estimators': 300, 'min_samples_leaf': 20, 'max_features': 'sqrt', 'max_depth': None}",0.6261710201193644,score>=0.50,498,0.03738738738738739,0.5638135593101953,29624.09638554217,10685.0,778840,0.25502008032128515,0.15261044176706828,0.05220883534136546,0.15261044176706828
rf_3,"{'n_estimators': 300, 'min_samples_leaf': 40, 'max_features': 'sqrt', 'max_depth': None}",0.6252373900797575,ALL,13320,1.0,0.32585409330819975,13415.762012012012,3860.0,1240140,0.09722222222222222,0.05683183183183183,0.021021021021021023,0.05683183183183183
rf_3,"{'n_estimators': 300, 'min_samples_leaf': 40, 'max_features': 'sqrt', 'max_depth': None}",0.6252373900797575,top_1pct,133,0.009984984984984985,0.6980207281922395,29484.51127819549,14900.0,327530,0.3082706766917293,0.15037593984962405,0.06015037593984962,0.15037593984962405
rf_3,"{'n_estimators': 300, 'min_samples_leaf': 40, 'max_features': 'sqrt', 'max_depth': None}",0.6252373900797575,top_3pct,399,0.029954954954954954,0.6590766998597619,28243.28320802005,10970.0,464820,0.2606516290726817,0.15789473684210525,0.05012531328320802,0.15789473684210525
rf_3,"{'n_estimators': 300, 'min_samples_leaf': 40, 'max_features': 'sqrt', 'max_depth': None}",0.6252373900797575,top_5pct,666,0.05,0.6299651663963628,29357.732732732733,10200.0,778840,0.24774774774774774,0.15315315315315314,0.052552552552552555,0.15315315315315314
rf_3,"{'n_estimators': 300, 'min_samples_leaf': 40, 'max_features': 'sqrt', 'max_depth': None}",0.6252373900797575,top_10pct,1332,0.1,0.5647952129654977,26665.518018018018,8100.0,1240140,0.20270270270270271,0.13288288288288289,0.0518018018018018,0.13288288288288289
rf_3,"{'n_estimators': 300, 'min_samples_leaf': 40, 'max_features': 'sqrt', 'max_depth': None}",0.6252373900797575,score>=0.35,4282,0.3214714714714715,0.4379780371128937,18061.868285847733,5890.0,1240140,0.14058851004203643,0.08197104156936011,0.02849135917795423,0.08197104156936011
rf_3,"{'n_estimators': 300, 'min_samples_leaf': 40, 'max_features': 'sqrt', 'max_depth': None}",0.6252373900797575,score>=0.40,1929,0.1448198198198198,0.5188597090025192,22972.239502332814,6950.0,1240140,0.17470191809227578,0.1119751166407465,0.04302747537584241,0.1119751166407465
rf_3,"{'n_estimators': 300, 'min_samples_leaf': 40, 'max_features': 'sqrt', 'max_depth': None}",0.6252373900797575,score>=0.45,1251,0.09391891891891892,0.5725872024015349,27574.95603517186,8390.0,1240140,0.21023181454836132,0.1366906474820144,0.053557154276578735,0.1366906474820144
rf_3,"{'n_estimators': 300, 'min_samples_leaf': 40, 'max_features': 'sqrt', 'max_depth': None}",0.6252373900797575,score>=0.50,1006,0.07552552552552552,0.596840287495975,27668.986083499007,9185.0,778840,0.21968190854870775,0.1411530815109344,0.0536779324055666,0.1411530815109344
rf_4,"{'n_estimators': 300, 'min_samples_leaf': 20, 'max_features': 0.5, 'max_depth': None}",0.6189593878819047,ALL,13320,1.0,0.22870175927428993,13415.762012012012,3860.0,1240140,0.09722222222222222,0.05683183183183183,0.021021021021021023,0.05683183183183183
rf_4,"{'n_estimators': 300, 'min_samples_leaf': 20, 'max_features': 0.5, 'max_depth': None}",0.6189593878819047,top_1pct,133,0.009984984984984985,0.6375169877983964,25908.42105263158,11700.0,306680,0.2631578947368421,0.11278195488721804,0.045112781954887216,0.11278195488721804
rf_4,"{'n_estimators': 300, 'min_samples_leaf': 20, 'max_features': 0.5, 'max_depth': None}",0.6189593878819047,top_3pct,399,0.029954954954954954,0.5750535796956814,27933.333333333332,10380.0,464820,0.2681704260651629,0.16290726817042606,0.047619047619047616,0.16290726817042606
rf_4,"{'n_estimators': 300, 'min_samples_leaf': 20, 'max_features': 0.5, 'max_depth': None}",0.6189593878819047,top_5pct,666,0.05,0.5294776026330696,26719.534534534534,9350.0,464820,0.23873873873873874,0.15465465465465467,0.04804804804804805,0.15465465465465467
rf_4,"{'n_estimators': 300, 'min_samples_leaf': 20, 'max_features': 0.5, 'max_depth': None}",0.6189593878819047,top_10pct,1332,0.1,0.4504812553903868,25212.16966966967,8010.0,1240140,0.19294294294294295,0.12387387387387387,0.0472972972972973,0.12387387387387387
rf_4,"{'n_estimators': 300, 'min_samples_leaf': 20, 'max_features': 0.5, 'max_depth': None}",0.6189593878819047,score>=0.35,1123,0.08430930930930931,0.4711980384275399,26157.3285841496,8540.0,1240140,0.20569902048085487,0.13357079252003562,0.04719501335707925,0.13357079252003562
rf_4,"{'n_estimators': 300, 'min_samples_leaf': 20, 'max_features': 0.5, 'max_depth': None}",0.6189593878819047,score>=0.40,811,0.060885885885885886,0.5091294683176273,27107.768187422935,9360.0,778840,0.22441430332922319,0.1467324290998767,0.05055487053020962,0.1467324290998767
rf_4,"{'n_estimators': 300, 'min_samples_leaf': 20, 'max_features': 0.5, 'max_depth': None}",0.6189593878819047,score>=0.45,580,0.04354354354354354,0.5428895459819657,27451.724137931036,9695.0,464820,0.2482758620689655,0.15517241379310345,0.05,0.15517241379310345
rf_4,"{'n_estimators': 300, 'min_samples_leaf': 20, 'max_features': 0.5, 'max_depth': None}",0.6189593878819047,score>=0.50,394,0.02957957957957958,0.5760142927520286,27974.593908629442,10425.0,464820,0.26903553299492383,0.16243654822335024,0.048223350253807105,0.16243654822335024
rf_5,"{'n_estimators': 300, 'min_samples_leaf': 40, 'max_features': 0.5, 'max_depth': None}",0.6208840600572586,ALL,13320,1.0,0.29418080067327623,13415.762012012012,3860.0,1240140,0.09722222222222222,0.05683183183183183,0.021021021021021023,0.05683183183183183
rf_5,"{'n_estimators': 300, 'min_samples_leaf': 40, 'max_features': 0.5, 'max_depth': None}",0.6208840600572586,top_1pct,133,0.009984984984984985,0.7137375292811452,25044.962406015038,10540.0,276510,0.24812030075187969,0.11278195488721804,0.05263157894736842,0.11278195488721804
rf_5,"{'n_estimators': 300, 'min_samples_leaf': 40, 'max_features': 0.5, 'max_depth': None}",0.6208840600572586,top_3pct,399,0.029954954954954954,0.6658605569328934,29458.571428571428,11700.0,464820,0.2781954887218045,0.16791979949874686,0.05012531328320802,0.16791979949874686
rf_5,"{'n_estimators': 300, 'min_samples_leaf': 40, 'max_features': 0.5, 'max_depth': None}",0.6208840600572586,top_5pct,666,0.05,0.6249770419461573,26895.075075075074,10050.0,464820,0.24324324324324326,0.15015015015015015,0.04804804804804805,0.15015015015015015
rf_5,"{'n_estimators': 300, 'min_samples_leaf': 40, 'max_features': 0.5, 'max_depth': None}",0.6208840600572586,top_10pct,1332,0.1,0.5440913296830748,25384.737237237237,8055.0,1240140,0.19519519519519518,0.12312312312312312,0.0472972972972973,0.12312312312312312
rf_5,"{'n_estimators': 300, 'min_samples_leaf': 40, 'max_features': 0.5, 'max_depth': None}",0.6208840600572586,score>=0.35,2742,0.20585585585585586,0.4566684710139176,20186.808898614152,6385.0,1240140,0.15317286652078774,0.09518599562363239,0.0350109409190372,0.09518599562363239
rf_5,"{'n_estimators': 300, 'min_samples_leaf': 40, 'max_features': 0.5, 'max_depth': None}",0.6208840600572586,score>=0.40,1454,0.10915915915915916,0.5324379993665538,24527.207702888583,7930.0,1240140,0.18982118294360384,0.11760660247592847,0.0453920220082531,0.11760660247592847
rf_5,"{'n_estimators': 300, 'min_samples_leaf': 40, 'max_features': 0.5, 'max_depth': None}",0.6208840600572586,score>=0.45,1060,0.07957957957957958,0.5741516285772535,27775.877358490565,8815.0,1240140,0.21320754716981133,0.1349056603773585,0.05,0.1349056603773585
rf_5,"{'n_estimators': 300, 'min_samples_leaf': 40, 'max_features': 0.5, 'max_depth': None}",0.6208840600572586,score>=0.50,803,0.06028528528528528,0.6065094966947893,26167.833125778332,9360.0,464820,0.22914072229140722,0.1444582814445828,0.048567870485678705,0.1444582814445828
rf_6,"{'n_estimators': 300, 'min_samples_leaf': 20, 'max_features': 'log2', 'max_depth': None}",0.6261136080232248,ALL,13320,1.0,0.2727463945168703,13415.762012012012,3860.0,1240140,0.09722222222222222,0.05683183183183183,0.021021021021021023,0.05683183183183183
rf_6,"{'n_estimators': 300, 'min_samples_leaf': 20, 'max_features': 'log2', 'max_depth': None}",0.6261136080232248,top_1pct,133,0.009984984984984985,0.6241627940075981,25096.39097744361,11370.0,276510,0.2631578947368421,0.12030075187969924,0.05263157894736842,0.12030075187969924
rf_6,"{'n_estimators': 300, 'min_samples_leaf': 20, 'max_features': 'log2', 'max_depth': None}",0.6261136080232248,top_3pct,399,0.029954954954954954,0.5793132396197128,27440.225563909775,9650.0,778840,0.23809523809523808,0.14035087719298245,0.05012531328320802,0.14035087719298245
rf_6,"{'n_estimators': 300, 'min_samples_leaf': 20, 'max_features': 'log2', 'max_depth': None}",0.6261136080232248,top_5pct,666,0.05,0.5483839271052009,28324.804804804804,9940.0,778840,0.23873873873873874,0.15015015015015015,0.04954954954954955,0.15015015015015015
rf_6,"{'n_estimators': 300, 'min_samples_leaf': 20, 'max_features': 'log2', 'max_depth': None}",0.6261136080232248,top_10pct,1332,0.1,0.48612649760039756,25658.1006006006,7930.0,778840,0.19894894894894896,0.12837837837837837,0.0518018018018018,0.12837837837837837
rf_6,"{'n_estimators': 300, 'min_samples_leaf': 20, 'max_features': 'log2', 'max_depth': None}",0.6261136080232248,score>=0.35,1661,0.1246996996996997,0.4612736073588992,23812.558699578567,7470.0,1240140,0.18001204093919326,0.11137868753762793,0.04515352197471403,0.11137868753762793
rf_6,"{'n_estimators': 300, 'min_samples_leaf': 20, 'max_features': 'log2', 'max_depth': None}",0.6261136080232248,score>=0.40,1134,0.08513513513513514,0.5035788969408213,26536.252204585537,8730.0,778840,0.21252204585537918,0.13580246913580246,0.05202821869488536,0.13580246913580246
rf_6,"{'n_estimators': 300, 'min_samples_leaf': 20, 'max_features': 'log2', 'max_depth': None}",0.6261136080232248,score>=0.45,832,0.06246246246246246,0.5317189367005437,27562.896634615383,9335.0,778840,0.22716346153846154,0.14182692307692307,0.051682692307692304,0.14182692307692307
rf_6,"{'n_estimators': 300, 'min_samples_leaf': 20, 'max_features': 'log2', 'max_depth': None}",0.6261136080232248,score>=0.50,541,0.040615615615615615,0.5623185034226539,27082.71719038817,10010.0,778840,0.2365988909426987,0.14417744916820702,0.04621072088724584,0.14417744916820702
rf_7,"{'n_estimators': 300, 'min_samples_leaf': 20, 'max_features': 'sqrt', 'max_depth': 12}",0.6149329703262532,ALL,13320,1.0,0.39740949542437015,13415.762012012012,3860.0,1240140,0.09722222222222222,0.05683183183183183,0.021021021021021023,0.05683183183183183
rf_7,"{'n_estimators': 300, 'min_samples_leaf': 20, 'max_features': 'sqrt', 'max_depth': 12}",0.6149329703262532,top_1pct,133,0.009984984984984985,0.6838539090956625,25809.17293233083,9400.0,286320,0.2706766917293233,0.13533834586466165,0.06015037593984962,0.13533834586466165
rf_7,"{'n_estimators': 300, 'min_samples_leaf': 20, 'max_features': 'sqrt', 'max_depth': 12}",0.6149329703262532,top_3pct,399,0.029954954954954954,0.6486443396093063,26278.671679197996,10000.0,464820,0.23809523809523808,0.13032581453634084,0.047619047619047616,0.13032581453634084
rf_7,"{'n_estimators': 300, 'min_samples_leaf': 20, 'max_features': 'sqrt', 'max_depth': 12}",0.6149329703262532,top_5pct,666,0.05,0.6222760678975086,27816.366366366365,9530.0,778840,0.23273273273273273,0.14264264264264265,0.05105105105105105,0.14264264264264265
rf_7,"{'n_estimators': 300, 'min_samples_leaf': 20, 'max_features': 'sqrt', 'max_depth': 12}",0.6149329703262532,top_10pct,1332,0.1,0.5707453685853066,24291.87687687688,7710.0,778840,0.19519519519519518,0.12762762762762764,0.0472972972972973,0.12762762762762764
rf_7,"{'n_estimators': 300, 'min_samples_leaf': 20, 'max_features': 'sqrt', 'max_depth': 12}",0.6149329703262532,score>=0.35,9920,0.7447447447447447,0.4454466037917264,14821.261088709678,4675.0,1240140,0.10947580645161291,0.06471774193548387,0.023185483870967742,0.06471774193548387
rf_7,"{'n_estimators': 300, 'min_samples_leaf': 20, 'max_features': 'sqrt', 'max_depth': 12}",0.6149329703262532,score>=0.40,7523,0.5647897897897898,0.46702060635873577,15541.451548584342,4980.0,1240140,0.11830386813771102,0.06952013824272232,0.024059550711152466,0.06952013824272232
rf_7,"{'n_estimators': 300, 'min_samples_leaf': 20, 'max_features': 'sqrt', 'max_depth': 12}",0.6149329703262532,score>=0.45,3919,0.29421921921921923,0.5050647288329124,17635.896912477674,5640.0,1240140,0.13625924980862464,0.0824189844348048,0.028068384792038787,0.0824189844348048
rf_7,"{'n_estimators': 300, 'min_samples_leaf': 20, 'max_features': 'sqrt', 'max_depth': 12}",0.6149329703262532,score>=0.50,1304,0.09789789789789789,0.5722730050254144,24505.674846625767,7775.0,778840,0.1955521472392638,0.12883435582822086,0.04831288343558282,0.12883435582822086
rf_8,"{'n_estimators': 300, 'min_samples_leaf': 40, 'max_features': 'sqrt', 'max_depth': 12}",0.620766081354202,ALL,13320,1.0,0.40893340932161915,13415.762012012012,3860.0,1240140,0.09722222222222222,0.05683183183183183,0.021021021021021023,0.05683183183183183
rf_8,"{'n_estimators': 300, 'min_samples_leaf': 40, 'max_features': 'sqrt', 'max_depth': 12}",0.620766081354202,top_1pct,133,0.009984984984984985,0.7093852329373892,26981.654135338347,11020.0,276510,0.2706766917293233,0.16541353383458646,0.06015037593984962,0.16541353383458646
rf_8,"{'n_estimators': 300, 'min_samples_leaf': 40, 'max_features': 'sqrt', 'max_depth': 12}",0.620766081354202,top_3pct,399,0.029954954954954954,0.6746729927869054,28480.501253132832,10970.0,778840,0.2556390977443609,0.14536340852130325,0.047619047619047616,0.14536340852130325
rf_8,"{'n_estimators': 300, 'min_samples_leaf': 40, 'max_features': 'sqrt', 'max_depth': 12}",0.620766081354202,top_5pct,666,0.05,0.6496530341466326,28604.594594594593,10330.0,778840,0.24174174174174173,0.14714714714714713,0.05405405405405406,0.14714714714714713
rf_8,"{'n_estimators': 300, 'min_samples_leaf': 40, 'max_features': 'sqrt', 'max_depth': 12}",0.620766081354202,top_10pct,1332,0.1,0.5937003206612175,25849.369369369368,8115.0,778840,0.2042042042042042,0.13288288288288289,0.04954954954954955,0.13288288288288289
rf_8,"{'n_estimators': 300, 'min_samples_leaf': 40, 'max_features': 'sqrt', 'max_depth': 12}",0.620766081354202,score>=0.35,10307,0.7737987987987988,0.451521611641917,14840.0,4620.0,1240140,0.10905210051421364,0.06413117298923061,0.02309110313379257,0.06413117298923061
rf_8,"{'n_estimators': 300, 'min_samples_leaf': 40, 'max_features': 'sqrt', 'max_depth': 12}",0.620766081354202,score>=0.40,8088,0.6072072072072072,0.47161944798208005,15436.902818991099,4970.0,1240140,0.11733432245301681,0.06812561819980217,0.02361523244312562,0.06812561819980217
rf_8,"{'n_estimators': 300, 'min_samples_leaf': 40, 'max_features': 'sqrt', 'max_depth': 12}",0.620766081354202,score>=0.45,4394,0.3298798798798799,0.509805103164961,17380.584888484296,5700.0,1240140,0.13290851160673645,0.07965407373691398,0.027992717341829766,0.07965407373691398
rf_8,"{'n_estimators': 300, 'min_samples_leaf': 40, 'max_features': 'sqrt', 'max_depth': 12}",0.620766081354202,score>=0.50,1500,0.11261261261261261,0.5834940376014899,24327.06,7825.0,778840,0.19266666666666668,0.122,0.04466666666666667,0.122
